,0,1
0,바다,369
1,한옥,355
2,힐링,283
3,수영장,274
4,비수기,273
5,바라보다,264
6,가득,261
7,가족,234
8,인테리어,208
9,카페,205
10,넓다,203
11,따뜻,199
12,마을,198
13,조용,195
14,국내,195
15,침실,188
16,보내다,184
17,오션뷰,184
18,데일리,176
19,바베큐,175
20,계획,175
21,예쁘다,174
22,분위기,173
23,아름답다,173
24,거실,173
25,호캉,173
26,하루,165
27,매력,165
28,풍경,163
29,여유,160
30,경남,159
31,마음,155
32,야외,155
33,기록,155
34,휴식,154
35,편안,153
36,꾸미다,150
37,조식,150
38,여행지,150
39,아늑,149
40,마당,145
41,이쁘다,142
42,탕,137
43,햇살,137
44,숲,136
45,소리,135
46,소품,133
47,다양,132
48,갖추다,132
49,깔끔,129
50,하늘,128
51,정원,127
52,사용,123
53,담다,123
54,커플,122
55,문,121
56,프라이빗,118
57,테라스,118
58,누리다,118
59,주변,115
60,친구,115
61,거리,114
62,독채,110
63,경상북도,107
64,주인장,107
65,추억,106
66,오롯,106
67,바람,103
68,노을,102
69,쉬다,102
70,나누다,102
71,밤,101
72,화이트,101
73,트이다,101
74,핫,101
75,개별,99
76,아기자기,98
77,운영,97
78,총,97
79,나무,96
80,민박,95
81,스파,95
82,제주독채,94
83,연인,93
84,이야기,88
85,프다,87
86,톤,86
87,욕조,86
88,곳곳,86
89,선물,86
90,만끽,85
91,산,85
92,히,82
93,모든,81
94,일상,80
95,들어오다,80
96,앉다,80
97,없이,77
98,커피,77
99,스럽,75
100,이루어지다,75
101,계절,75
102,쌓이다,75
103,피로,75
104,전체,74
105,그대로,74
106,만나다,74
107,취하다,72
108,밖,72
109,포근,72
110,머무르다,72
111,푸르다,71
112,실내,69
113,벗어나다,69
114,자쿠지,69
115,고르다,69
116,배경,68
117,흐름,68
118,팀,67
119,산책,66
120,시설,66
121,시골,66
122,두르다,66
123,멋지다,65
124,인생,64
125,리,63
126,욕실,63
127,맞다,63
128,더욱,63
129,일출,63
130,자리,62
131,동쪽,62
132,한적,62
133,해변,62
134,어우러지다,62
135,쉼,62
136,펼쳐지다,61
137,서쪽,61
138,제작,61
139,들어가다,61
140,취향,61
141,확,61
142,감상,60
143,돌담,60
144,침대,59
145,책,59
146,온전,59
147,물놀이,59
148,아침,58
149,전라남도,58
150,따스,58
151,그림,58
152,프라이,57
153,가깝다,57
154,근처,56
155,새소리,56
156,형,55
157,나뉘다,55
158,창문,55
159,태그해,55
160,콘탠츠,55
161,해수욕장,54
162,실,54
163,담기다,54
164,우드,54
165,여름,54
166,빛,53
167,눈,53
168,빗,53
169,우드톤,53
170,껏,52
171,피크닉,51
172,고즈넉,51
173,듣다,50
174,인피니티,50
175,참고,49
176,이국,49
177,관광지,49
178,특별,49
179,짓다,49
180,구조,49
181,모습,49
182,기분,48
183,감각,48
184,머물다,48
185,건물,47
186,놀다,47
187,편하다,46
188,잔디,46
189,테이블,45
190,사계절,44
191,조명,44
192,샷,44
193,높다,43
194,유명,43
195,잡다,42
196,지치다,42
197,포인트,42
198,꽃,41
199,배려,41
200,눕다,40
201,시원,40
202,쏟아지다,40
203,몸,40
204,풀장,40
205,그램,40
206,국내외,40
207,채우다,39
208,모던,39
209,유럽,39
210,아름,39
211,정성,39
212,바라다,38
213,키즈,38
214,해외,38
215,취사,36
216,간단,36
217,빔프로젝터,36
218,체험,36
219,완벽,36
220,식물,36
221,포토존,36
222,물씬,36
223,별장,36
224,단독,35
225,일몰,35
226,뜻,35
227,먼저,35
228,현대,34
229,데이트,34
230,탁,34
231,주택,33
232,언덕,33
233,전통,33
234,가만히,33
235,빈티지,33
236,바쁘다,33
237,에메랄드,33
238,낮,33
239,동시,33
240,놓이다,33
241,뒤바뀌다,33
242,다르다,32
243,입구,32
244,식기,32
245,파티,32
246,집중,32
247,마무리,32
248,플레이스,32
249,관광,31
250,음악,31
251,조용히,31
252,동반,31
253,시작,31
254,확인,31
255,독채펜션,31
256,무료,31
257,한옥스테,30
258,리모델링,30
259,새롭다,30
260,코스,30
261,이름,29
262,옛,29
263,불편,29
264,구름,29
265,돌,29
266,밭,29
267,비치,29
268,잔잔,29
269,독채숙소,29
270,돋보이다,29
271,글램,29
272,낭만,29
273,루프,29
274,읽다,28
275,오후,28
276,잔,28
277,루프탑,28
278,공용,28
279,우,28
280,통유리,28
281,소,28
282,다락방,28
283,글램핑,28
284,탄생,28
285,제주도독채,28
286,걷다,27
287,품다,27
288,통창,27
289,충청북도,27
290,충북,27
291,겨울,27
292,어메니티,27
293,물들다,27
294,뜨다,27
295,날씨,27
296,마주,27
297,호스트,27
298,서로,27
299,밤하늘,27
300,필요,27
301,저녁,26
302,전용,26
303,한가,26
304,형태,26
305,외관,26
306,담,26
307,마운틴뷰,26
308,존,26
309,애견,26
310,호수,26
311,휴가,26
312,에디터,26
313,따로,25
314,편리,25
315,류,25
316,아래,25
317,촌,25
318,한눈,25
319,르,25
320,쌓다,24
321,고급,24
322,도보,24
323,섬,24
324,특징,24
325,사이,24
326,멋,24
327,불,24
328,바닷가,23
329,기억,23
330,완산구,23
331,오래,23
332,편의,23
333,동네,23
334,독특,23
335,식,23
336,충분,23
337,무,23
338,뚫리다,23
339,센스,23
340,뛰어놀다,23
341,귀엽다,23
342,바뀌다,23
343,방해,23
344,불가,22
345,동남아,22
346,신축,22
347,부엌,22
348,기본,22
349,봄,22
350,귤,22
351,경주독채,22
352,웰컴,22
353,입시,22
354,티,21
355,제대로,21
356,주차장,21
357,아름다움,21
358,년대,21
359,경험,21
360,종류,21
361,흘러가다,21
362,올라가다,21
363,뻥,21
364,내내,21
365,맛있다,21
366,둘러싸이다,21
367,포레스트,21
368,안채,21
369,미,21
370,흐르다,21
371,색감,21
372,맞추다,21
373,야경,21
374,햇빛,20
375,살리다,20
376,미니,20
377,원룸,20
378,온,20
379,디자인,20
380,부족,20
381,끼리,20
382,벌다,20
383,프로젝트,20
384,푸릇푸릇,20
385,대나무,20
386,천,20
387,즈,20
388,은은,19
389,접근,19
390,선택,19
391,종로,19
392,끝,19
393,순간,19
394,원하다,19
395,수풀,19
396,라운드,19
397,머금다,19
398,도구,18
399,지루,18
400,맑다,18
401,멀리,18
402,전주한옥마을,18
403,도시,18
404,구경,18
405,독립,18
406,다이닝룸,18
407,하나하나,18
408,특히,18
409,아담,18
410,오름,18
411,계단,18
412,이어지다,18
413,별채,18
414,현재,18
415,진행,18
416,미학,18
417,낮다,18
418,푸르르다,18
419,전망,18
420,휴양지,18
421,느리다,18
422,너머,18
423,마루,18
424,반기다,18
425,부부,17
426,정취,17
427,라운지,17
428,연결,17
429,골목,17
430,간직,17
431,대여,17
432,반신,17
433,하이라이트,17
434,얻다,17
435,편의점,17
436,신혼여행,17
437,인기,17
438,히노끼탕,17
439,멍,17
440,요기,17
441,가까이,16
442,머신,16
443,갤러리,16
444,소박,16
445,세,16
446,멀다,16
447,넘치다,16
448,즐겁다,16
449,충분히,16
450,향기,16
451,복층,16
452,산책로,16
453,자세,16
454,제주특별자치도,16
455,재미,16
456,자유,16
457,애,16
458,제외,16
459,컨셉,16
460,세트,16
461,기장,16
462,소나무,16
463,풀벌레,16
464,오션,16
465,고스란,16
466,글,16
467,다락,16
468,곡,15
469,크기,15
470,명소,15
471,촬영,15
472,시골집,15
473,스타일,15
474,최근,15
475,느긋,15
476,새,15
477,나가다,15
478,화이트톤,15
479,의자,15
480,편백,15
481,규모,15
482,좋아하다,15
483,타입,15
484,요금,15
485,용품,15
486,코,15
487,툇마루,15
488,면,15
489,텐트,15
490,틈,15
491,어느새,15
492,사이트,15
493,파,15
494,파크,15
495,블루,15
496,올,15
497,분리,14
498,차분,14
499,어울리다,14
500,보존,14
501,갯벌,14
502,트다,14
503,드넓다,14
504,치다,14
505,주택가,14
506,개조,14
507,턴테이블,14
508,넷플릭스,14
509,생활,14
510,서비스,14
511,치,14
512,비용,14
513,굽다,14
514,오붓,14
515,개인,14
516,깊다,14
517,포함,14
518,클럽,14
519,커다랗다,14
520,반려,14
521,자랑,14
522,조합,14
523,코로나,14
524,산속,14
525,색다르다,14
526,캠프,14
527,가든,14
528,초반,14
529,맞이,13
530,주차,13
531,기존,13
532,개방,13
533,평상,13
534,이루다,13
535,프리미엄,13
536,데크,13
537,설치,13
538,뒷마당,13
539,쇼파,13
540,성인,13
541,깨끗,13
542,완료,13
543,종로구,13
544,옥상,13
545,침구,13
546,무드,13
547,여러,13
548,브런치,13
549,놀이,13
550,드,13
551,단어,13
552,독채풀,13
553,설레다,13
554,불멍,13
555,내려놓다,13
556,떨어지다,13
557,솜,13
558,홈,13
559,호캉스,13
560,일기,13
561,안목,13
562,재료,12
563,정확,12
564,컬러,12
565,오두막,12
566,대형,12
567,마트,12
568,식당,12
569,배치,12
570,씩,12
571,조,12
572,유지,12
573,자체,12
574,식탁,12
575,메뉴,12
576,서재,12
577,싱그럽다,12
578,구옥,12
579,와인,12
580,빛나다,12
581,황토,12
582,야자수,12
583,입욕,12
584,최고,12
585,락,12
586,천천히,12
587,강아지,12
588,투숙객,12
589,음료,12
590,그리다,12
591,프라이빗함,12
592,숙,12
593,테마,12
594,한국,12
595,피톤치드,12
596,아웃,12
597,서해,11
598,지붕,11
599,세련,11
600,프로젝터,11
601,잊다,11
602,댁,11
603,변하다,11
604,뒤,11
605,앤,11
606,여느,11
607,서까래,11
608,객리단길,11
609,모이다,11
610,의미,11
611,바구니,11
612,건축,11
613,바비큐,11
614,함,11
615,맥주,11
616,들어서다,11
617,동물,11
618,이스케이프,11
619,공원,11
620,본채,11
621,끼다,11
622,물품,11
623,온실,11
624,이색,11
625,훌쩍,11
626,고택,11
627,몰디브,11
628,벚꽃,11
629,타임,11
630,맨션,11
631,어렵다,10
632,베이지,10
633,잠,10
634,캡슐,10
635,여행객,10
636,쪽,10
637,소담,10
638,북스테,10
639,지니다,10
640,중심,10
641,주스,10
642,바,10
643,그네,10
644,그릴,10
645,하얗다,10
646,메인,10
647,마감,10
648,플레이,10
649,빠지다,10
650,네이버,10
651,풀리다,10
652,바깥,10
653,가운데,10
654,기장군,10
655,부산광역시,10
656,삶,10
657,시즌,10
658,덕분,10
659,지나다,10
660,내리쬐다,10
661,브,10
662,챙기다,10
663,떠오르다,10
664,울주,10
665,앞마당,10
666,전포동,10
667,리버뷰,10
668,비밀,10
669,자아내다,10
670,바깥채,10
671,움,10
672,해안로,10
673,온도,10
674,인터뷰,10
675,연남동,10
676,짝꿍,10
677,온화,10
678,해외여행,9
679,한라산,9
680,일어나다,9
681,스며들다,9
682,할머니,9
683,첨성대,9
684,볼거리,9
685,복잡,9
686,흔적,9
687,낮잠,9
688,너무나,9
689,샌드위치,9
690,과일,9
691,시내,9
692,차경,9
693,따다,9
694,과수원,9
695,알리다,9
696,제니,9
697,바래다,9
698,접근성,9
699,귤밭,9
700,켜다,9
701,파랗다,9
702,리틀,9
703,단위,9
704,섬세,9
705,손길,9
706,잔디밭,9
707,해먹다,9
708,사이즈,9
709,전주독채,9
710,맞닿다,9
711,여름휴가,9
712,날짜,9
713,편지,9
714,구분,9
715,섬진강,9
716,포토,9
717,셔,9
718,제주스테,9
719,원목,9
720,낚시,9
721,북한강,9
722,폭,9
723,눈부시다,9
724,사색,9
725,신선,9
726,모티브,9
727,신혼,9
728,웨이,9
729,아일랜드,9
730,지리산,9
731,담그다,9
732,더블,9
733,컨디션,9
734,요즘,9
735,종일,9
736,울다,9
737,연못,9
738,뿜다,9
739,저장,9
740,뷰맛집,9
741,쉽다,8
742,걱정,8
743,이내,8
744,만족,8
745,로맨틱,8
746,터,8
747,특유,8
748,디저트,8
749,내음,8
750,갈다,8
751,답답,8
752,즐거움,8
753,비추다,8
754,표시,8
755,발뮤,8
756,위로,8
757,바닥,8
758,자전거,8
759,시장,8
760,시끄럽다,8
761,전경,8
762,서초,8
763,온기,8
764,감귤,8
765,맛보다,8
766,웨이브,8
767,안노이,8
768,심플,8
769,미니멀,8
770,스위트룸,8
771,뿐,8
772,해돋이,8
773,올리브,8
774,냉장고,8
775,브라운,8
776,전라도,8
777,켠,8
778,온돌방,8
779,패밀리,8
780,우유,8
781,간식,8
782,아기,8
783,일본,8
784,모포,8
785,평수,8
786,희다,8
787,고유,8
788,경관,8
789,최대한,8
790,포항오션뷰,8
791,장점,8
792,유료,8
793,벽난로,8
794,변화,8
795,액자,8
796,파우더,8
797,알록달록,8
798,인근,8
799,거제남서,8
800,꿈꾸다,8
801,레,8
802,빌리다,8
803,아치,8
804,벽,8
805,히노끼,8
806,뷰맛,8
807,객,8
808,장작,8
809,카라반,8
810,건축가,8
811,고요함,8
812,듬뿍,8
813,완비,8
814,쇼,8
815,바다뷰,8
816,넉넉,8
817,캐나다,8
818,적절,8
819,예술,8
820,배우다,8
821,슈가브리,8
822,제주핫,8
823,월미도,8
824,유유,8
825,오늘,8
826,로컬,8
827,힘들다,7
828,지역,7
829,숨다,7
830,독채스테,7
831,화려,7
832,술,7
833,선사,7
834,들리다,7
835,토스터,7
836,별도,7
837,링,7
838,게임,7
839,견,7
840,모래,7
841,에어,7
842,시청,7
843,메이킷슬로,7
844,멈추다,7
845,감동,7
846,센터,7
847,내려다보이다,7
848,텃밭,7
849,금액,7
850,라이프,7
851,놀이터,7
852,수수료,7
853,송정해수욕장,7
854,동경,7
855,나름,7
856,이솝,7
857,녹이다,7
858,족욕,7
859,격,7
860,골,7
861,확정,7
862,느릿,7
863,그랜드,7
864,최,7
865,드링크,7
866,피다,7
867,색,7
868,화우,7
869,스토리,7
870,거제독채,7
871,구역,7
872,르컬렉티,7
873,보유,7
874,유유자적,7
875,한옥스테이,7
876,두바이,7
877,레트로,7
878,새하얗다,7
879,지나가다,7
880,포항독채,7
881,가조도,7
882,탄,7
883,폭포,7
884,주의,7
885,숲속,7
886,연가,7
887,라이트,7
888,버블,7
889,숲뷰,7
890,이탈리아,7
891,모양,7
892,트리하우스,7
893,타일,7
894,감탄,7
895,순수,7
896,여관,7
897,파리,7
898,생기다,7
899,성비,7
900,만하다,7
901,적정,7
902,형제,7
903,초목,7
904,오션뷰숙소,7
905,각이쟈,7
906,제주오션뷰,7
907,제제,7
908,카루나,7
909,유숙,7
910,다이슨,7
911,투명,7
912,스톤,6
913,유리창,6
914,고등어,6
915,완성,6
916,인연,6
917,포석로,6
918,고스,6
919,불다,6
920,파노라마,6
921,조망,6
922,담장,6
923,모해,6
924,짐,6
925,기와,6
926,지저귀다,6
927,돌아가다,6
928,문자,6
929,정갈,6
930,불리다,6
931,하조,6
932,전망대,6
933,유튜브,6
934,영도구,6
935,해석,6
936,배달,6
937,청결,6
938,스페인,6
939,일반,6
940,풍차,6
941,선선,6
942,층고,6
943,협재해수욕장,6
944,제품,6
945,바베큐장,6
946,마운틴,6
947,복도,6
948,양념,6
949,슬로우,6
950,여백,6
951,스위치,6
952,이후,6
953,덜다,6
954,미끄럼틀,6
955,경상도,6
956,로망,6
957,체,6
958,콘크리트,6
959,퀸,6
960,시간대,6
961,어둡다,6
962,베이다,6
963,닿다,6
964,아파트,6
965,푹신,6
966,방식,6
967,시리얼,6
968,농장,6
969,가꾸다,6
970,휴휴,6
971,열리다,6
972,잇다,6
973,소설,6
974,용산구,6
975,동해안로,6
976,공유,6
977,형식,6
978,상관없이,6
979,전주한옥스테,6
980,다채,6
981,수놓다,6
982,도어,6
983,웨스트포트,6
984,스탠다드,6
985,노곤,6
986,일정,6
987,안성맞춤,6
988,지키다,6
989,웰컴티,6
990,흘러나오다,6
991,그레이,6
992,논밭,6
993,홀리다,6
994,이태원,6
995,알맞다,6
996,숨기다,6
997,마주치다,6
998,치즈,6
999,다이닝,6
1000,모으다,6
1001,아무,6
1002,프랑스,6
1003,트리,6
1004,섞이다,6
1005,히노,6
1006,선인장,6
1007,초록뷰,6
1008,사랑채,6
1009,발코니,6
1010,인하다,6
1011,영흥도,6
1012,보트,6
1013,레몬,6
1014,이미,6
1015,자작나무,6
1016,과하다,6
1017,대청마루,6
1018,트윈,6
1019,웨이트리풀,6
1020,귀,6
1021,망고,6
1022,돔그라미,6
1023,웨스트힐스,6
1024,투,6
1025,따듯,6
1026,군,6
1027,모음,6
1028,버스,6
1029,쥬,6
1030,가보쟈,6
1031,멤버,6
1032,태긔태긔,6
1033,소환,6
1034,치유,6
1035,소공원스테,6
1036,라피아,6
1037,하이원리조트,6
1038,목조,5
1039,버리다,5
1040,한옥마을,5
1041,올리다,5
1042,인접,5
1043,다니다,5
1044,골목길,5
1045,첨성로,5
1046,포구,5
1047,밀물,5
1048,연출,5
1049,무늬,5
1050,들려오다,5
1051,조미료,5
1052,베이스,5
1053,내려오다,5
1054,권장,5
1055,판,5
1056,라온,5
1057,티니,5
1058,보드,5
1059,감성스테,5
1060,도착,5
1061,서핑,5
1062,낯설다,5
1063,전원주택,5
1064,쉼표,5
1065,날리다,5
1066,공개,5
1067,중심가,5
1068,적산,5
1069,이닝,5
1070,브랜드,5
1071,단층,5
1072,샤워실,5
1073,제주스러움,5
1074,독채풀빌라,5
1075,폴딩도어,5
1076,몰튼,5
1077,비슷,5
1078,수평선,5
1079,숯,5
1080,셀프,5
1081,청도독채,5
1082,채이다,5
1083,디,5
1084,위트,5
1085,호미,5
1086,장난감,5
1087,세계,5
1088,동독,5
1089,워킹,5
1090,써클,5
1091,흐리다,5
1092,삼겹살,5
1093,김,5
1094,탱자,5
1095,다실,5
1096,애월숙소,5
1097,프랭크,5
1098,해운대구,5
1099,제네바,5
1100,쾌적,5
1101,남해오션뷰,5
1102,따스함,5
1103,묻어나다,5
1104,돌판,5
1105,계시다,5
1106,적합,5
1107,태안독채,5
1108,남쪽,5
1109,서귀포독채,5
1110,요일,5
1111,몽돌,5
1112,레스토랑,5
1113,들이다,5
1114,기념,5
1115,버,5
1116,시스템,5
1117,향긋,5
1118,스팟,5
1119,마크,5
1120,클래스,5
1121,토,5
1122,변경,5
1123,친화,5
1124,공존,5
1125,네스프레소,5
1126,전자레인지,5
1127,키친,5
1128,광안대교뷰,5
1129,옮기다,5
1130,영감,5
1131,불빛,5
1132,한잔,5
1133,협,5
1134,활짝,5
1135,수많다,5
1136,사과,5
1137,플로,5
1138,오브제,5
1139,비롯,5
1140,준,5
1141,홀리데이,5
1142,복합,5
1143,키즈룸,5
1144,방갈로,5
1145,빼놓다,5
1146,기둥,5
1147,물소리,5
1148,유오,5
1149,건강,5
1150,석식,5
1151,레저,5
1152,유니크,5
1153,천연,5
1154,동그랗다,5
1155,과거,5
1156,특별시,5
1157,펜,5
1158,아틀란티스,5
1159,파다,5
1160,매점,5
1161,아르떼,5
1162,단풍,5
1163,베네치아,5
1164,부대시설,5
1165,공지,5
1166,여수오션뷰,5
1167,굉장히,5
1168,동해대로,5
1169,웃더럭,5
1170,맨,5
1171,미국,5
1172,나이아가라,5
1173,프렌치,5
1174,살짝,5
1175,결,5
1176,예술인,5
1177,울창,5
1178,중간,5
1179,미스터,5
1180,인피니트,5
1181,불리우다,5
1182,인도네시아,5
1183,두꺼비,5
1184,발,5
1185,움직이다,5
1186,전시,5
1187,책방,5
1188,솔트,5
1189,치열,5
1190,바위숲온더,5
1191,창밖,5
1192,수피아라풀,5
1193,북스,5
1194,초가집,5
1195,횡,5
1196,모모,5
1197,비치다,5
1198,절벽,5
1199,스위스,5
1200,헤이리,5
1201,필수,5
1202,블루망고풀,5
1203,사우나,5
1204,이유,5
1205,여수독채,5
1206,몰둠벙,5
1207,펜캉스,5
1208,지하,5
1209,노래방,5
1210,서울시,5
1211,보이스,5
1212,고양이,5
1213,돔,5
1214,게시,5
1215,아로새기다,5
1216,옷,5
1217,녹차,5
1218,드립니,5
1219,후기,5
1220,느,5
1221,그루브스테,5
1222,거제오션뷰,5
1223,가져오다,5
1224,헤이븐,5
1225,누마루,5
1226,모티프,5
1227,희,5
1228,흙,5
1229,물리,5
1230,책속에풍덩,5
1231,사유,5
1232,누이,5
1233,다이빙,5
1234,플라워,5
1235,솔,5
1236,연재,5
1237,라라스테,5
1238,사원,5
1239,최적,4
1240,청연,4
1241,오두막집,4
1242,걸리다,4
1243,정겨운,4
1244,공동,4
1245,대릉,4
1246,내려가다,4
1247,썰물,4
1248,바닷바람,4
1249,시시각각,4
1250,틀다,4
1251,시호,4
1252,상점,4
1253,까맣다,4
1254,돌멩이,4
1255,힐,4
1256,폴,4
1257,일찍,4
1258,튜브,4
1259,지중해,4
1260,추다,4
1261,펜션혜,4
1262,건축물,4
1263,청학소,4
1264,독서,4
1265,상당구,4
1266,풍부,4
1267,게스트하우스,4
1268,린,4
1269,강남구,4
1270,포장,4
1271,터미널,4
1272,신비,4
1273,적용,4
1274,달콤,4
1275,잠들다,4
1276,제주조식,4
1277,별로,4
1278,담아내다,4
1279,샐러드,4
1280,내려다보다,4
1281,뛰다,4
1282,가슴,4
1283,펴다,4
1284,숙소문,4
1285,디럭스,4
1286,미디어,4
1287,놀이방,4
1288,어린이,4
1289,구석구석,4
1290,디자이너,4
1291,외국,4
1292,이불,4
1293,코끼리,4
1294,가볍다,4
1295,객리단,4
1296,플라쥬,4
1297,덮히다,4
1298,둘러싸다,4
1299,케이블카,4
1300,앤틱,4
1301,아무것,4
1302,빨리,4
1303,산책길,4
1304,스크린,4
1305,작품,4
1306,피스,4
1307,선베드,4
1308,짙다,4
1309,월풀욕조,4
1310,창가,4
1311,허브,4
1312,벽면,4
1313,광안리해수욕장,4
1314,환경,4
1315,그릇,4
1316,언제나,4
1317,좌식,4
1318,따끈따끈,4
1319,안방,4
1320,오랫동안,4
1321,검색,4
1322,세렝게티,4
1323,제주독채펜션,4
1324,산자,4
1325,인상,4
1326,프레임,4
1327,스프,4
1328,경주한옥스테,4
1329,잔뜩,4
1330,수국,4
1331,기장읍,4
1332,비우다,4
1333,꿈,4
1334,식욕,4
1335,원숙,4
1336,해방촌,4
1337,소음,4
1338,숙면,4
1339,열,4
1340,노키즈존,4
1341,역사,4
1342,켜지다,4
1343,램,4
1344,브릿지,4
1345,팔로우,4
1346,발표,4
1347,당첨,4
1348,캄포,4
1349,찬란,4
1350,남이섬,4
1351,노송오,4
1352,보보,4
1353,스캇,4
1354,오토,4
1355,어른,4
1356,더에스제이,4
1357,코트,4
1358,거가대교,4
1359,베드,4
1360,더케이,4
1361,해수욕,4
1362,다정다감,4
1363,가로,4
1364,호소,4
1365,아비채,4
1366,충북독채,4
1367,현시점,4
1368,떡,4
1369,부담,4
1370,아랍에미리트,4
1371,가평독채,4
1372,장비,4
1373,간절곶,4
1374,울주군,4
1375,네이처,4
1376,쉼이,4
1377,남해독채,4
1378,꽃지,4
1379,지혜,4
1380,스테이미드센트,4
1381,당구장,4
1382,라메르,4
1383,로비,4
1384,한옥뷰,4
1385,제주자쿠지,4
1386,밀크앤,4
1387,소안풀,4
1388,샛별,4
1389,귤나무,4
1390,휘다,4
1391,이즈원풀,4
1392,제트스파,4
1393,라모,4
1394,숲길,4
1395,한동안,4
1396,클레리,4
1397,작업실,4
1398,아날로그,4
1399,걸다,4
1400,에어스,4
1401,트림,4
1402,하늘숲글램,4
1403,피우다,4
1404,페이퍼,4
1405,유알풀,4
1406,한쪽,4
1407,해맞이로,4
1408,블다,4
1409,농암종,4
1410,녹아내리다,4
1411,와이,4
1412,더스테이힐링,4
1413,소토보,4
1414,뷰티풀,4
1415,메스,4
1416,착각,4
1417,커튼,4
1418,완다맨,4
1419,브로디,4
1420,모닥불,4
1421,하다책,4
1422,캄파슬로,4
1423,마미호,4
1424,비양도,4
1425,시류객,4
1426,스테이삼달,4
1427,벨,4
1428,그동안,4
1429,늦잠,4
1430,모어,4
1431,캠프파이어,4
1432,핀크스포도,4
1433,미스미스터,4
1434,퍼스트,4
1435,나트랑,4
1436,랄리아닌반베,4
1437,휴일,4
1438,라파트,4
1439,뚜,4
1440,팜,4
1441,그루,4
1442,경복궁,4
1443,시월,4
1444,메트로폴리탄,4
1445,저수지,4
1446,옛날,4
1447,동글다,4
1448,지리산뷰,4
1449,새로,4
1450,누,4
1451,알차다,4
1452,앞집,4
1453,전기,4
1454,못,4
1455,빗다,4
1456,휴식처,4
1457,아난티,4
1458,엿보다,4
1459,시그니,4
1460,온수풀,4
1461,헤리티스풀,4
1462,캠퍼,4
1463,품,4
1464,펼치다,4
1465,지상,4
1466,뿜뿜,4
1467,제일,4
1468,대중교통,4
1469,영화관,4
1470,다가오다,4
1471,자두나무,4
1472,깊이,4
1473,설악산,4
1474,밀트풀,4
1475,비커밍,4
1476,거제대로,4
1477,런,4
1478,할무니,4
1479,고고,4
1480,도가,4
1481,칭구,4
1482,렌탈,4
1483,반짝이다,4
1484,숙소랍니돠,4
1485,나중,4
1486,산골,4
1487,무술목,4
1488,때리다,4
1489,듀플렉스,4
1490,댕,4
1491,밤바다,4
1492,수영구,4
1493,광안,4
1494,북카페,4
1495,르그랑,4
1496,그랑,4
1497,닮다,4
1498,부산항대교,4
1499,료칸,4
1500,갖가지북스테,4
1501,필운대,4
1502,조수리플로,4
1503,지례예술,4
1504,감나무,4
1505,달빛,4
1506,유포리나,4
1507,산뷰,4
1508,땅,4
1509,들판,4
1510,드라이,4
1511,고객,4
1512,플로어,4
1513,노트,4
1514,정면,4
1515,시재시,4
1516,점숙,4
1517,족,4
1518,루오스테,4
1519,독일,4
1520,셀러리,4
1521,로스트,4
1522,펭귄,4
1523,팔레트,4
1524,토스트,4
1525,해연,4
1526,무공,4
1527,사인,4
1528,송당아,4
1529,오릉도,4
1530,현암리돌담,4
1531,매듭,4
1532,스무,4
1533,정담,4
1534,토모노야,4
1535,화담,4
1536,드위트리,4
1537,수페,4
1538,소호스테,4
1539,솔즈베리,4
1540,케렌시아풀,4
1541,차꽃오,4
1542,비담,4
1543,아르카,4
1544,라발스,4
1545,메종카누,4
1546,소월숲스테,4
1547,서툴다,4
1548,핑크트리풀,4
1549,더리버에스풀,4
1550,노고,4
1551,텔레스코,4
1552,아웃오브,4
1553,디아크,4
1554,내게와묵,4
1555,묵호항,4
1556,무어,4
1557,수선화,4
1558,소못소,4
1559,읍성,4
1560,그레이샌,4
1561,더뷰,4
1562,씨즈더데,4
1563,스위티,4
1564,노벰버,4
1565,장이,3
1566,가스,3
1567,특성,3
1568,목적,3
1569,그립다,3
1570,해맞이해안,3
1571,곶,3
1572,묻다,3
1573,농가,3
1574,기울이다,3
1575,블럭,3
1576,통로,3
1577,번화가,3
1578,프리미어,3
1579,바람꽃,3
1580,우리말,3
1581,반짝거리다,3
1582,스트레스,3
1583,요소,3
1584,스테이시호,3
1585,와이파이,3
1586,자연경관,3
1587,이층집,3
1588,색상,3
1589,위생,3
1590,흔들의자,3
1591,하도리보통날,3
1592,애완동물,3
1593,차로,3
1594,따사,3
1595,하조델,3
1596,묶다,3
1597,둘레길,3
1598,동주,3
1599,양식,3
1600,나뭇잎,3
1601,거닐다,3
1602,혜원,3
1603,거주,3
1604,나위,3
1605,청수리오즈,3
1606,인치,3
1607,구현,3
1608,꽂히다,3
1609,밝다,3
1610,몽,3
1611,수용,3
1612,뻗다,3
1613,여럿,3
1614,샤워,3
1615,럭셔,3
1616,브라이덜샤워,3
1617,표,3
1618,신창풍차,3
1619,비스,3
1620,포크,3
1621,일출봉,3
1622,광이멀스테,3
1623,제주한림,3
1624,제주독채풀,3
1625,호시담,3
1626,호시,3
1627,추월산,3
1628,높이,3
1629,유아,3
1630,실외,3
1631,키에튀,3
1632,썬룸,3
1633,럭스,3
1634,일본인,3
1635,둘레,3
1636,병,3
1637,오븐,3
1638,존재,3
1639,더담다키즈,3
1640,내외,3
1641,자극,3
1642,포트,3
1643,소독,3
1644,컵,3
1645,라면,3
1646,카다,3
1647,세탁기,3
1648,비토애풀빌라,3
1649,무한,3
1650,필,3
1651,소세,3
1652,토끼,3
1653,사랑방,3
1654,화로,3
1655,떠올리다,3
1656,층체크,3
1657,일자,3
1658,피트니스,3
1659,선로,3
1660,오션뷰풀,3
1661,얘기,3
1662,떨다,3
1663,꼭대기,3
1664,엄,3
1665,벽돌,3
1666,기운,3
1667,메다,3
1668,간이,3
1669,파라솔,3
1670,부모,3
1671,인원수,3
1672,소형,3
1673,부드럽다,3
1674,햇볕,3
1675,비치드웨,3
1676,복층구조,3
1677,북스테이,3
1678,말씀,3
1679,친환경,3
1680,꽃향기,3
1681,스냅,3
1682,취소,3
1683,샤워장,3
1684,리스트,3
1685,하룻밤,3
1686,멍하다,3
1687,에디토리얼제,3
1688,싸목싸,3
1689,완전히,3
1690,디테일,3
1691,마구,3
1692,녹아들다,3
1693,브릭어,3
1694,남편,3
1695,낚시터,3
1696,빔프로젝,3
1697,아지트,3
1698,기쁨,3
1699,안쪽,3
1700,데이베드,3
1701,과자,3
1702,스낵,3
1703,눈앞,3
1704,무노스테,3
1705,서적,3
1706,빠져들다,3
1707,강릉독채,3
1708,화사,3
1709,바베큐파티,3
1710,파티룸,3
1711,홈캉,3
1712,근대,3
1713,광장,3
1714,감성글램핑,3
1715,진심,3
1716,좋아서,3
1717,조건,3
1718,본인,3
1719,부탁,3
1720,외벽,3
1721,킹,3
1722,리버노스풀,3
1723,메타세콰이어,3
1724,트램펄린,3
1725,다리,3
1726,해변가,3
1727,메종드,3
1728,스테이무드인디,3
1729,부산항,3
1730,영국,3
1731,부산시,3
1732,너르다,3
1733,보리밭,3
1734,호수뷰,3
1735,숲속뷰,3
1736,유온스테,3
1737,플라이,3
1738,더케이즈,3
1739,운악청계,3
1740,람스,3
1741,첨,3
1742,성과,3
1743,맡다,3
1744,계속,3
1745,행사,3
1746,차박,3
1747,동해안,3
1748,꼽히다,3
1749,막걸리,3
1750,패키지,3
1751,공식,3
1752,묘향,3
1753,난방,3
1754,야생,3
1755,에어비엔,3
1756,오동도,3
1757,인적,3
1758,드물다,3
1759,하녹,3
1760,칵테일,3
1761,유일,3
1762,썬베드,3
1763,카바,3
1764,오래되다,3
1765,불멍하기,3
1766,제주독채민,3
1767,포항스파,3
1768,장안읍,3
1769,오랜,3
1770,걸치다,3
1771,시끌벅적,3
1772,태어나다,3
1773,전원,3
1774,정겹다,3
1775,전동성당,3
1776,타,3
1777,제트스,3
1778,깔리다,3
1779,옛집,3
1780,제주스파,3
1781,공주독채,3
1782,리버트리,3
1783,타자기,3
1784,가파르다,3
1785,티비,3
1786,텔,3
1787,호스텔,3
1788,조로,3
1789,차와무드,3
1790,스카이,3
1791,당일,3
1792,중턱,3
1793,해수,3
1794,블랙,3
1795,원주독채,3
1796,비다펠리즈풀,3
1797,답다니,3
1798,어뮤징,3
1799,낙동강,3
1800,알핀파노라마호텔후베르투,3
1801,허니문,3
1802,현무암,3
1803,스노쿨링,3
1804,워터,3
1805,작가,3
1806,지향,3
1807,굳이,3
1808,추구,3
1809,비교,3
1810,엑스포로,3
1811,치앙마이,3
1812,재배,3
1813,애슬로,3
1814,핑크,3
1815,사진작가,3
1816,춘심,3
1817,어우려,3
1818,믿다,3
1819,사각,3
1820,청주독채,3
1821,감싸다,3
1822,단점,3
1823,보완,3
1824,참나무,3
1825,대나무숲,3
1826,짜다,3
1827,베트남,3
1828,블라인드,3
1829,식스센스울루와,3
1830,충전,3
1831,뒤뜰,3
1832,밑,3
1833,불국사,3
1834,풍요,3
1835,상상,3
1836,원래,3
1837,히든,3
1838,마치블루풀,3
1839,스윙,3
1840,요트,3
1841,카카오톡,3
1842,역시,3
1843,싹,3
1844,반하다,3
1845,괜찮다,3
1846,판매,3
1847,닥,3
1848,포레스트뷰,3
1849,뒷집,3
1850,안식처,3
1851,베다,3
1852,비자림,3
1853,싸다,3
1854,아쉽다,3
1855,개의,3
1856,오순도,3
1857,핫플,3
1858,카,3
1859,캠핑카,3
1860,차량,3
1861,노키즈,3
1862,특이,3
1863,붉다,3
1864,깡패,3
1865,한라,3
1866,기와집,3
1867,춥다,3
1868,켄싱턴,3
1869,쉼터,3
1870,테스,3
1871,하정로,3
1872,엄청,3
1873,벌레,3
1874,숯불,3
1875,철,3
1876,플로렌스,3
1877,칭,3
1878,스테이바,3
1879,옹,3
1880,욕하다,3
1881,어마어마,3
1882,하벳,3
1883,메르송풀앤스,3
1884,가넝,3
1885,페나테스풀,3
1886,보름우스테,3
1887,꼬다,3
1888,토사,3
1889,꽈,3
1890,어거스트,3
1891,콘텐츠,3
1892,칠천도,3
1893,픽쳐레스,3
1894,칠천,3
1895,유채,3
1896,더스테,3
1897,천국,3
1898,파고,3
1899,글루,3
1900,스르르,3
1901,룰루,3
1902,회복,3
1903,핀란드,3
1904,배정,3
1905,더시크릿가든캠프지,3
1906,웻에,3
1907,헤이미쉬풀,3
1908,더헤이븐,3
1909,까미노데플로레,3
1910,수피아,3
1911,밭뷰,3
1912,호텔호피폴,3
1913,미르오토캠핑,3
1914,해발,3
1915,개월,3
1916,길조,3
1917,주위,3
1918,푸드,3
1919,세다,3
1920,헌,3
1921,응정헌,3
1922,리솜포레스트,3
1923,제주뷰맛,3
1924,클랭블루스테,3
1925,꽃신,3
1926,드렌도,3
1927,그리니,3
1928,귤밭뷰,3
1929,폴개우,3
1930,경주황리단,3
1931,제격,3
1932,좁다,3
1933,따라가다,3
1934,올모스트,3
1935,홈스테이,3
1936,폼,3
1937,매트리스,3
1938,영진스테,3
1939,태양스테,3
1940,미스티,3
1941,하귤,3
1942,올레,3
1943,담백,3
1944,큐브스테,3
1945,셀로판,3
1946,체크인,3
1947,맘마논맘마,3
1948,레반다,3
1949,욜스테,3
1950,미니풀,3
1951,족욕탕,3
1952,파스타,3
1953,베지,3
1954,장식,3
1955,베드룸,3
1956,촤르,3
1957,촌캉스,3
1958,앤디앤라라,3
1959,인스테이,3
1960,달무리스테,3
1961,로프트,3
1962,귀소,3
1963,순자스테,3
1964,하귤나무,3
1965,공급,3
1966,어타이니리틀,3
1967,띄다,3
1968,어제,3
1969,원로,3
1970,포레,3
1971,홍대,3
1972,레인지,3
1973,기기,3
1974,균형,3
1975,질감,3
1976,소소오늘,3
1977,스테이소,3
1978,디스커버리,3
1979,아나톨리아,3
1980,코너,3
1981,을왕리,3
1982,조랑말,3
1983,교토,3
1984,모노토너,3
1985,제로,3
1986,화담별서,3
1987,별서,3
1988,가덕도,3
1989,폴개우영,3
1990,수안스테,3
1991,놀개,3
1992,루트,3
1993,별담하늘,3
1994,카멜,3
1995,세도나중문풀,3
1996,프롬,3
1997,노아풀,3
1998,드레피인,3
1999,드레피,3
2000,위크앤,3
2001,유로제,3
2002,밀브릿,3
2003,춤,3
2004,까망감스테,3
2005,브로딕제,3
2006,어쩌다,3
2007,칫솔,3
2008,공공연,3
2009,애월더선,3
2010,보안스테,3
2011,더브리앙,3
2012,한라궁,3
2013,주재,2
2014,뚜껑,2
2015,버너,2
2016,이해,2
2017,컴온인,2
2018,컴,2
2019,늘,2
2020,처음,2
2021,최소한,2
2022,고가,2
2023,처마,2
2024,대들보,2
2025,접목,2
2026,전주천,2
2027,해발고도,2
2028,스테이스며들,2
2029,느릿느릿,2
2030,황오감성,2
2031,저렴,2
2032,출입구,2
2033,낡다,2
2034,둘러보다,2
2035,모션,2
2036,없애다,2
2037,당기다,2
2038,급,2
2039,달래다,2
2040,데일리감성거제,2
2041,물결,2
2042,철썩,2
2043,입히다,2
2044,남대천,2
2045,물고기,2
2046,가게,2
2047,세면도구,2
2048,간단히,2
2049,플랜트,2
2050,인용,2
2051,플레이어,2
2052,스테이와봄,2
2053,기다리다,2
2054,비누,2
2055,요거트,2
2056,차이,2
2057,볕,2
2058,하조대,2
2059,조준,2
2060,중요,2
2061,환영,2
2062,춘천독채,2
2063,아래층,2
2064,월림차,2
2065,정인,2
2066,펜션혜원,2
2067,컨테이너,2
2068,강변,2
2069,워터파크,2
2070,다름없다,2
2071,음식점,2
2072,자하문로,2
2073,감성에어비,2
2074,오즈,2
2075,옥수수,2
2076,널리,2
2077,현관,2
2078,얇다,2
2079,몽도,2
2080,출신,2
2081,관련,2
2082,다스리다,2
2083,잠자리,2
2084,동부대로,2
2085,효율,2
2086,가로수길,2
2087,논현로,2
2088,우리나라,2
2089,인프라,2
2090,저동항,2
2091,머무시,2
2092,특산물,2
2093,싱싱,2
2094,주황빛,2
2095,로맨틱하다,2
2096,선박,2
2097,혜택,2
2098,줄짓다,2
2099,피곤,2
2100,정수기,2
2101,넘어가다,2
2102,새벽,2
2103,옛스러움,2
2104,딸기쨈,2
2105,레몬딜버터,2
2106,토스터기,2
2107,광이멀스테이,2
2108,오마코,2
2109,빨갛다,2
2110,라부르켓,2
2111,시다,2
2112,오렌지,2
2113,즐,2
2114,송당미학,2
2115,다불촌,2
2116,야채,2
2117,다불로,2
2118,키에튀드,2
2119,앰프,2
2120,오디오,2
2121,광역시,2
2122,힐링되,2
2123,추석,2
2124,연휴,2
2125,인천광역시,2
2126,스타스케이프,2
2127,스타스케,2
2128,이프,2
2129,스페셜,2
2130,호기심,2
2131,젖병,2
2132,역할,2
2133,웃음,2
2134,시온스테이,2
2135,시온스테,2
2136,잼,2
2137,심기다,2
2138,평범,2
2139,비토섬,2
2140,닭,2
2141,중앙시장,2
2142,필요시,2
2143,현관문,2
2144,프라이빗하,2
2145,장면,2
2146,바퀴,2
2147,설렘,2
2148,심야식당,2
2149,위쪽,2
2150,편집샵,2
2151,좌동로,2
2152,군불,2
2153,루나,2
2154,블루스,2
2155,나블루스,2
2156,베란다,2
2157,팽나무,2
2158,웰컴밀키,2
2159,쿠폰,2
2160,제주애월,2
2161,서휴,2
2162,옵션,2
2163,효도,2
2164,부조중,2
2165,명길,2
2166,살피다,2
2167,드립백,2
2168,쿠키,2
2169,비치드웨일,2
2170,항로,2
2171,머그학,2
2172,한식,2
2173,샤워부스,2
2174,하다인제주,2
2175,록,2
2176,수풀림,2
2177,실시,2
2178,봄날,2
2179,엽서,2
2180,현대식,2
2181,성소,2
2182,로즈마리,2
2183,찾아보다,2
2184,에디토리얼제주,2
2185,독채스테이,2
2186,방언,2
2187,스테이시호일,2
2188,영스테이,2
2189,영스테,2
2190,내다보다,2
2191,나주느림,2
2192,건넌방,2
2193,넣다,2
2194,야식,2
2195,아일,2
2196,살아가다,2
2197,북쪽,2
2198,막다,2
2199,다기,2
2200,어바웃플로우,2
2201,어바웃플로,2
2202,뮤즈,2
2203,호나,2
2204,타이드어웨,2
2205,마주하다,2
2206,소요,2
2207,소림,2
2208,단순,2
2209,무노스테이,2
2210,여행자,2
2211,옆집,2
2212,서점,2
2213,무노,2
2214,닉,2
2215,플랜테리어,2
2216,빌딩,2
2217,서울특별시,2
2218,비앤비,2
2219,포레메르풀,2
2220,야외테라스,2
2221,보다,2
2222,포레메,2
2223,밀양로그,2
2224,얼음,2
2225,통나무,2
2226,글램핑장,2
2227,든든,2
2228,무더위,2
2229,밀양대로,2
2230,힐스,2
2231,훤,2
2232,여울,2
2233,불가능,2
2234,포스,2
2235,기회,2
2236,남해안,2
2237,한려수도,2
2238,그늘,2
2239,파쇄석,2
2240,수채화,2
2241,옥포대첩,2
2242,고성독채,2
2243,인피니티풀,2
2244,다녀가다,2
2245,부산역,2
2246,시대,2
2247,비움,2
2248,흔들다,2
2249,제철,2
2250,온스,2
2251,고민,2
2252,여름철,2
2253,드라이브,2
2254,산뜻,2
2255,서화우,2
2256,우도숙소,2
2257,스테이서화우,2
2258,상태,2
2259,따오다,2
2260,코삿,2
2261,알로하,2
2262,미만,2
2263,취지,2
2264,가량,2
2265,강릉스파,2
2266,람스갤러리,2
2267,북촌로,2
2268,성숙,2
2269,쪽샘,2
2270,경북독채,2
2271,남한강,2
2272,엄청나다,2
2273,돌아다니다,2
2274,아랍,2
2275,해금강,2
2276,거제핫,2
2277,미술,2
2278,서생면,2
2279,트레일,2
2280,힐링하기,2
2281,심심,2
2282,태아,2
2283,이거,2
2284,하동독채,2
2285,이태원동,2
2286,거치다,2
2287,히노키,2
2288,도시락,2
2289,오락실,2
2290,황홀,2
2291,수제,2
2292,동백꽃,2
2293,눈길,2
2294,사로잡다,2
2295,실제,2
2296,포천독채,2
2297,응원,2
2298,끊이다,2
2299,장봉도,2
2300,용머리,2
2301,옥정호,2
2302,드넒,2
2303,공중,2
2304,곡성압록,2
2305,유원지,2
2306,고삼저수지,2
2307,무지개,2
2308,반데기,2
2309,임랑해수욕장,2
2310,아내,2
2311,거울,2
2312,마음속,2
2313,민가,2
2314,완주독채,2
2315,배스,2
2316,숨,2
2317,스위밍풀,2
2318,인피티니풀,2
2319,슈페리어,2
2320,메리어트폴스뷰,2
2321,북아메리카,2
2322,고층,2
2323,호텔무,2
2324,웨딩,2
2325,붙다,2
2326,안길,2
2327,일본식,2
2328,그만큼,2
2329,부산진구,2
2330,북한산,2
2331,호스,2
2332,에어스트림,2
2333,내추럴,2
2334,오락기,2
2335,식기구,2
2336,호반로,2
2337,가평글램,2
2338,바닷,2
2339,조그맣다,2
2340,기차,2
2341,서울독채,2
2342,소풍,2
2343,울타리,2
2344,카바나,2
2345,비다펠리,2
2346,파티오세,2
2347,복판,2
2348,파티오,2
2349,세븐,2
2350,해먹,2
2351,경기전,2
2352,놀음,2
2353,은하수,2
2354,롤,2
2355,산악,2
2356,지대,2
2357,액티비티,2
2358,종식,2
2359,한번,2
2360,볼차노,2
2361,마지막,2
2362,공항,2
2363,기념일,2
2364,대표,2
2365,화가,2
2366,광주독채,2
2367,기슭,2
2368,와일드,2
2369,골프장,2
2370,요가,2
2371,클래식,2
2372,이호테우,2
2373,창고,2
2374,불러일으키다,2
2375,돌다,2
2376,패턴,2
2377,흠,2
2378,뻑,2
2379,초록색,2
2380,쯤,2
2381,모래밭,2
2382,주독,2
2383,합치다,2
2384,커,2
2385,뮬,2
2386,구애,2
2387,길목,2
2388,통나무집,2
2389,아이디어,2
2390,높이다,2
2391,고려,2
2392,벽화,2
2393,소개,2
2394,뒷뜰,2
2395,밀리다,2
2396,이용객,2
2397,라인,2
2398,경주오션뷰,2
2399,트리플,2
2400,프론트,2
2401,포도,2
2402,종소리,2
2403,저절로,2
2404,유난히,2
2405,또렷,2
2406,힐링하,2
2407,집안,2
2408,절경,2
2409,구불구불,2
2410,순천만,2
2411,국가,2
2412,팔마,2
2413,옥탑,2
2414,망,2
2415,이자,2
2416,저택,2
2417,녹다,2
2418,통의동보안,2
2419,효자로,2
2420,에펠탑,2
2421,더무빙카라,2
2422,더무빙,2
2423,점점,2
2424,하벳부띠끄,2
2425,화진해수욕장,2
2426,선착순,2
2427,드라마,2
2428,통창뷰,2
2429,인피티,2
2430,흔들리다,2
2431,경리단길,2
2432,키우다,2
2433,보랏빛,2
2434,여수슈가브리,2
2435,깊숙,2
2436,켄싱,2
2437,턴,2
2438,서경지,2
2439,콜라,2
2440,아직,2
2441,낭낭,2
2442,충주호,2
2443,겹치다,2
2444,푸다,2
2445,휴고창,2
2446,친절,2
2447,에덴파라다이스,2
2448,신상숙,2
2449,꿀맛,2
2450,동남구,2
2451,작년,2
2452,시국,2
2453,끝나다,2
2454,뷔페,2
2455,조경,2
2456,습지,2
2457,웅장,2
2458,스프링,2
2459,질,2
2460,꿀,2
2461,엔드,2
2462,담소,2
2463,뜰,2
2464,셰프,2
2465,문화생활,2
2466,타임스퀘어,2
2467,전면,2
2468,펜트하우스,2
2469,일행,2
2470,일석이조,2
2471,주소제,2
2472,채소,2
2473,인덕션,2
2474,강릉에어비,2
2475,올해,2
2476,강력,2
2477,방향,2
2478,자연뷰,2
2479,천고,2
2480,무척,2
2481,감히,2
2482,베이커리,2
2483,낭,2
2484,그야말로,2
2485,대부분,2
2486,찌다,2
2487,인생샷스,2
2488,팟,2
2489,여행사진,2
2490,포즈,2
2491,춤추다,2
2492,홍콩,2
2493,화양연화,2
2494,히노끼욕조,2
2495,그물,2
2496,모악산,2
2497,달라지다,2
2498,노트북,2
2499,제로웨,2
2500,이스트,2
2501,자두,2
2502,막,2
2503,모켄,2
2504,대한민국,2
2505,사무,2
2506,표현,2
2507,초록빛,2
2508,한복,2
2509,연로,2
2510,준공,2
2511,해결,2
2512,끝판,2
2513,왕,2
2514,동글동글,2
2515,전복죽,2
2516,리뷰,2
2517,업로드,2
2518,가마솥,2
2519,이동식,2
2520,에어컨,2
2521,저스트글램,2
2522,커피하우스,2
2523,맨션애플,2
2524,떠나쟈,2
2525,대게,2
2526,먹거리,2
2527,펜캉,2
2528,혀,2
2529,리틀포레스트,2
2530,주인공,2
2531,연남그,2
2532,보아비,2
2533,월영교,2
2534,이뿌,2
2535,숙소라규,2
2536,오쟈,2
2537,장난,2
2538,쏵,2
2539,친구태그하시,2
2540,신우,2
2541,비토섬신우,2
2542,삼시세끼,2
2543,태그해주세요,2
2544,뒹굴다,2
2545,보기,2
2546,카라반캠핑,2
2547,오션뷰펜션,2
2548,짱,2
2549,재현,2
2550,춘천글램,2
2551,하절,2
2552,더헤,2
2553,이브,2
2554,삼각형,2
2555,해조,2
2556,울산광역시,2
2557,상세주소,2
2558,거북선대교,2
2559,스퀘어,2
2560,소임,2
2561,잎,2
2562,전날,2
2563,않을뤠,2
2564,갬,2
2565,유니,2
2566,보러가쟈,2
2567,창해,2
2568,개이다,2
2569,학동몽돌,2
2570,오루,2
2571,번호,2
2572,빵집,2
2573,반디앤,2
2574,관람차뷰,2
2575,관람,2
2576,시그니처,2
2577,번지,2
2578,그리스,2
2579,산토리니,2
2580,로프,2
2581,은평구,2
2582,옥캉,2
2583,나들이,2
2584,노출,2
2585,관계,2
2586,썸원스페이지,2
2587,리솜,2
2588,교감,2
2589,지형,2
2590,스톤스,2
2591,스테이무메,2
2592,소파,2
2593,웰컴푸드,2
2594,출출,2
2595,황룡원뷰,2
2596,더케이호텔경주,2
2597,로드뷰,2
2598,뉠스테이,2
2599,접하다,2
2600,왓챠,2
2601,숲멍,2
2602,썸원스페이지숲,2
2603,야호,2
2604,야호비치하우스,2
2605,제주도오션뷰,2
2606,털다,2
2607,다기세트,2
2608,쭉,2
2609,솔트애,2
2610,만희,2
2611,해안가,2
2612,돌산로,2
2613,그리니제주,2
2614,강서구,2
2615,태위,2
2616,오죽,2
2617,에피그램,2
2618,제안,2
2619,흩어지다,2
2620,영재,2
2621,고심,2
2622,메모리,2
2623,영진스테이,2
2624,구스,2
2625,태양스테이,2
2626,옷걸이,2
2627,일주,2
2628,요새,2
2629,하귤당,2
2630,벤치,2
2631,삼박,2
2632,한집,2
2633,탑노트,2
2634,큐브스테이,2
2635,농구장,2
2636,하늘색,2
2637,농구,2
2638,스테이아,2
2639,염포동,2
2640,맘마논맘,2
2641,유온스테이,2
2642,시재시재,2
2643,대전광역시,2
2644,경춘로,2
2645,스테이리운,2
2646,리우,2
2647,욕탕,2
2648,욜스테이,2
2649,변,2
2650,활력,2
2651,르라,2
2652,예술가,2
2653,노랗다,2
2654,베지아웃,2
2655,좌측,2
2656,고,2
2657,고단,2
2658,해질녘,2
2659,화롯대,2
2660,티타임,2
2661,촌캉,2
2662,앤디앤라라홈제,2
2663,인왕산,2
2664,달무리스테이,2
2665,숙박료,2
2666,이틀,2
2667,트렌디,2
2668,온돌,2
2669,마샬,2
2670,옹기,2
2671,종기,2
2672,돌담뷰,2
2673,매트,2
2674,스테이해연,2
2675,제비,2
2676,닭머르,2
2677,제주협재,2
2678,블루힐풀,2
2679,밤새다,2
2680,오래다,2
2681,근접,2
2682,화단,2
2683,오오오,2
2684,오오,2
2685,에이미포레,2
2686,맨션케렌시아,2
2687,맨션케렌시,2
2688,마포구,2
2689,중원산,2
2690,상쾌,2
2691,커피포트,2
2692,원형,2
2693,힙,2
2694,건,2
2695,안개,2
2696,스테이목아,2
2697,풀잎,2
2698,루비,2
2699,스테이별아,2
2700,칸,2
2701,청정기,2
2702,뚜벅,2
2703,뜨겁다,2
2704,월령지헌,2
2705,어매니,2
2706,스테이비욘드,2
2707,비욘드,2
2708,스테이소도,2
2709,돌고래,2
2710,갖다,2
2711,담벼락,2
2712,아베,2
2713,서림연,2
2714,폭우,2
2715,산포까,2
2716,큰방,2
2717,작은방,2
2718,엔젤,2
2719,스스로,2
2720,폴딩도,2
2721,비커밍펜션,2
2722,비커밍디럭,2
2723,안목스테,2
2724,제주감성스테,2
2725,영종도,2
2726,토스트기,2
2727,강릉역,2
2728,레이스,2
2729,시공,2
2730,헤리티스풀빌라,2
2731,성급,2
2732,카약,2
2733,소소아한옥,2
2734,소소아,2
2735,네버엔딩,2
2736,초원뷰,2
2737,써니사이드업,2
2738,갯마을,2
2739,소목,2
2740,방아리코테,2
2741,가장자리,2
2742,모노토너스,2
2743,평형,2
2744,씨리얼,2
2745,일주서로,2
2746,제주독채스테,2
2747,파파홈,2
2748,파파,2
2749,웨이트리,2
2750,동해바다뷰,2
2751,경주독채풀,2
2752,한그루,2
2753,인실,2
2754,커플룸,2
2755,도깨비,2
2756,소돌,2
2757,낙산사,2
2758,어둠,2
2759,일체,2
2760,빌라드남,2
2761,누와,2
2762,내다보이다,2
2763,헤이메르펜션,2
2764,헤이메르,2
2765,헤이메,2
2766,발뮤다토스트,2
2767,모닝,2
2768,눈높이,2
2769,토모노,2
2770,공산성,2
2771,하우스하서주,2
2772,우영,2
2773,해온안,2
2774,아날로그스테이,2
2775,더로프트,2
2776,슈가브리움,2
2777,돌아보다,2
2778,라탄,2
2779,고립,2
2780,숙소뷰,2
2781,썰매,2
2782,정식,2
2783,타이밍,2
2784,출처이쁜,2
2785,그날,2
2786,땅거미,2
2787,바오,2
2788,바오마,2
2789,분홍색,2
2790,노고단,2
2791,남해안대로,2
2792,광주광역시,2
2793,놀러가다,2
2794,삼면,2
2795,뒷편,2
2796,전나무,2
2797,라고비,2
2798,피,2
2799,스테이변산바람,2
2800,스테이변산,2
2801,축제,2
2802,매달다,2
2803,타이틀,2
2804,광고비,2
2805,지출,2
2806,비나리,2
2807,홀리가,2
2808,북한강뷰,2
2809,프로모션,2
2810,자잠,2
2811,가우,2
2812,샴푸,2
2813,치약,2
2814,멜로우멘,2
2815,뚝,2
2816,빌다,2
2817,선셋브리,2
2818,제부도핫,2
2819,부영,2
2820,스테이모든날,2
2821,보장,2
2822,석주재프라이빗,1
2823,석주,1
2824,무쇠,1
2825,솥,1
2826,그리,1
2827,부분,1
2828,약하다,1
2829,파손,1
2830,냉수,1
2831,기름,1
2832,보일러,1
2833,컴온,1
2834,주요,1
2835,액티비,1
2836,최단,1
2837,홀로,1
2838,떨치다,1
2839,오피스텔,1
2840,북동쪽,1
2841,질리다,1
2842,흔하다,1
2843,늘어지다,1
2844,한옥스테이로,1
2845,고독,1
2846,오두막은불멍,1
2847,깜깜,1
2848,날아가다,1
2849,갈곶힐링,1
2850,그대,1
2851,지인,1
2852,풍차가통창,1
2853,펜션이라프라이빗,1
2854,스테이스며들다,1
2855,겪다,1
2856,다듬다,1
2857,차귀도,1
2858,게스트분들과의소소,1
2859,용수리의스테이스며들다,1
2860,오감,1
2861,황오감,1
2862,리모델링한깨긋,1
2863,황룡사,1
2864,동궁,1
2865,박물관,1
2866,항아리,1
2867,임해로,1
2868,로운,1
2869,보도,1
2870,한가에서힐링,1
2871,썰물이첨벙,1
2872,작당,1
2873,드넚,1
2874,탐험,1
2875,남측,1
2876,북측,1
2877,뒷문,1
2878,협문,1
2879,대릉원,1
2880,드나들다,1
2881,오릉,1
2882,뒤뜰에서힐링,1
2883,내도모해,1
2884,모퉁이,1
2885,이용료,1
2886,파도의무늬오션뷰,1
2887,일렁이다,1
2888,머리,1
2889,식히다,1
2890,엿보이다,1
2891,영랑호,1
2892,오션뷰에,1
2893,해소,1
2894,조히경,1
2895,서가래,1
2896,원효로,1
2897,시호일시간,1
2898,지점,1
2899,물줄기,1
2900,밀려오다,1
2901,경강로,1
2902,추,1
2903,꽤,1
2904,식다,1
2905,쉘터에서새,1
2906,라온가,1
2907,삼림,1
2908,꽉,1
2909,캔디,1
2910,러블리방,1
2911,옥파,1
2912,폴인플랜트빈티지,1
2913,폴인플랜트,1
2914,챙김,1
2915,있어레트,1
2916,사용법,1
2917,적히다,1
2918,우드톤으,1
2919,현실,1
2920,여운,1
2921,돋다,1
2922,뒷길,1
2923,유채밭,1
2924,방울,1
2925,삼각대,1
2926,깔끔하며내추럴,1
2927,스테이와봄은조,1
2928,카톡,1
2929,되어프라이빗,1
2930,일주동로,1
2931,일차,1
2932,하조델리앤스테이서피,1
2933,맹고,1
2934,곱다,1
2935,분거리이고서피비치,1
2936,깔개,1
2937,하조델리앤스테,1
2938,하조델리앤스테이서피비,1
2939,피비치,1
2940,동주프라이빗,1
2941,교류,1
2942,입식,1
2943,윤동주,1
2944,시인,1
2945,졸졸흐르,1
2946,솔솔불고,1
2947,하늘거리다,1
2948,탐진강,1
2949,수변로,1
2950,정남진,1
2951,토요,1
2952,우드랜드도,1
2953,거스르다,1
2954,공간자쿠지,1
2955,가능합니다빔프로젝터,1
2956,제주월림차,1
2957,제주도감성스테,1
2958,제주도숙소강,1
2959,신윤복,1
2960,바위,1
2961,취하며힐링,1
2962,스키장,1
2963,춘천펜션혜,1
2964,안정감,1
2965,익숙,1
2966,친근,1
2967,먹자골목,1
2968,서촌여느,1
2969,서촌숙소,1
2970,서울에어비엔,1
2971,반딧불,1
2972,연어,1
2973,스테잌,1
2974,가라아,1
2975,제주청수리오즈,1
2976,제주청,1
2977,제주에어비엔,1
2978,감성에어비엔,1
2979,즐기면서시티뷰,1
2980,영도청학소,1
2981,부산청학,1
2982,부산숙소뷰,1
2983,부산에어비,1
2984,감성숙,1
2985,메이킷슬로우,1
2986,이곳저곳,1
2987,화면,1
2988,비취,1
2989,사직대로,1
2990,청주메이킷슬로,1
2991,자그마,1
2992,밀양에어비,1
2993,옛스럼움,1
2994,창살,1
2995,먹을거리,1
2996,전주안노이,1
2997,전주감성스테,1
2998,몽도몽유자,1
2999,한철,1
3000,북스테이로,1
3001,기자,1
3002,귀촌해꾸,1
3003,빼곡,1
3004,살롱,1
3005,뜬구름,1
3006,사진관,1
3007,망명,1
3008,남해북스테,1
3009,화이트린넨하우스,1
3010,브라이,1
3011,덜,1
3012,네츄라비,1
3013,하우스체크,1
3014,서울파티,1
3015,화이트린넨,1
3016,부티크아우라,1
3017,부티크아우,1
3018,경이,1
3019,다음날,1
3020,렌트카,1
3021,관광버스,1
3022,여객,1
3023,부티크아우라위,1
3024,부티크,1
3025,아우라,1
3026,하룻,1
3027,발생,1
3028,서월화,1
3029,아쉬움,1
3030,제주감귤,1
3031,바르다,1
3032,서월화위,1
3033,제주조,1
3034,베큐,1
3035,남서쪽,1
3036,초화정원,1
3037,앤틱가구들,1
3038,셀프조,1
3039,베이킹,1
3040,제주오마,1
3041,오마이코티,1
3042,무등산,1
3043,생태,1
3044,차단,1
3045,사이사이,1
3046,해지다,1
3047,발효,1
3048,해쉬,1
3049,추령,1
3050,담양독채,1
3051,송당미학제주,1
3052,고요히,1
3053,삼각지붕,1
3054,쾌적함,1
3055,능선,1
3056,송당서,1
3057,금강산,1
3058,모레,1
3059,경주다불,1
3060,프랑스어,1
3061,무녀,1
3062,무상,1
3063,오롯이,1
3064,관하실,1
3065,스테이여백,1
3066,마니산,1
3067,닌텐도,1
3068,온수풀로,1
3069,사용료,1
3070,웨버,1
3071,오션뷰풀빌라,1
3072,스위트,1
3073,반도,1
3074,생수,1
3075,광파,1
3076,스타스케이,1
3077,스타스케이프풀,1
3078,분유,1
3079,트램폴린,1
3080,정글,1
3081,카트장,1
3082,더담,1
3083,풍산태사,1
3084,마당에,1
3085,제주키즈풀,1
3086,마당뷰,1
3087,러쉬입욕,1
3088,웃,1
3089,비토애풀빌라펜션,1
3090,주부,1
3091,전설,1
3092,유형,1
3093,파인애플,1
3094,쌈,1
3095,김치,1
3096,셀프바,1
3097,글램핑체크,1
3098,리필,1
3099,사천글램,1
3100,경상도글램핑,1
3101,비토애풀,1
3102,비토애글램,1
3103,할아버지,1
3104,깔다,1
3105,인디언,1
3106,불멍화로,1
3107,미국식,1
3108,강김탱,1
3109,코끼리잠제,1
3110,끌다,1
3111,다다르다,1
3112,모녀,1
3113,프랭크커피바,1
3114,독채사,1
3115,매립,1
3116,불어오다,1
3117,러쉬,1
3118,송정중앙로,1
3119,최상,1
3120,오션뷰맛,1
3121,프라이빗풀,1
3122,두근두근,1
3123,해양공원,1
3124,낭만포차,1
3125,나들,1
3126,심야,1
3127,분거리체크,1
3128,고물상,1
3129,꼬불꼬불,1
3130,네모나다,1
3131,추천드립니,1
3132,보수,1
3133,공사,1
3134,맞이해주시,1
3135,독채하우스,1
3136,액차창,1
3137,단정,1
3138,두모가위,1
3139,자치,1
3140,패브릭,1
3141,일주일,1
3142,돗,1
3143,딱새우,1
3144,흑돼지육포에일,1
3145,오설록,1
3146,티백,1
3147,고흐,1
3148,퍼즐,1
3149,해시태그,1
3150,스타벅스,1
3151,루나블루,1
3152,프로필,1
3153,제주복층,1
3154,희나펜션,1
3155,프라이빗비치,1
3156,분만,1
3157,바닷물,1
3158,바운스,1
3159,나루터,1
3160,서휴재,1
3161,가제보,1
3162,생신,1
3163,서휴재위,1
3164,동경신촌체크,1
3165,뜻하다,1
3166,샤오미,1
3167,주전자,1
3168,테라로사,1
3169,놀러오다,1
3170,태수,1
3171,못지않다,1
3172,여행컨셉,1
3173,머그학동거,1
3174,쫙,1
3175,픽업,1
3176,머그학동,1
3177,왼쪽,1
3178,오른쪽,1
3179,드립커피,1
3180,쓰이다,1
3181,발뮤다토스트기,1
3182,오셜,1
3183,동체크,1
3184,가시버시,1
3185,풀빌라독채,1
3186,가시버,1
3187,가시동,1
3188,버시동,1
3189,해비치,1
3190,따라비오름,1
3191,순우리,1
3192,제주가시버,1
3193,자연환경,1
3194,뛰어나다,1
3195,귤꽃,1
3196,달달,1
3197,풋귤청에이드,1
3198,칩,1
3199,프룻,1
3200,폴개가,1
3201,원님,1
3202,인권,1
3203,프루떼,1
3204,하도이스케이프제,1
3205,팬,1
3206,하도이스케이프,1
3207,하도동,1
3208,봉성소락제주,1
3209,토박이,1
3210,어르신,1
3211,주로,1
3212,봉성소,1
3213,놓치다,1
3214,봉성소락,1
3215,봉성리체크,1
3216,연중,1
3217,제주다움,1
3218,오블리크,1
3219,에디토리얼제주위,1
3220,배낭,1
3221,다움,1
3222,포우리가부산,1
3223,서면역,1
3224,사진스팟,1
3225,호점,1
3226,포우리가위,1
3227,싸목싸목전주,1
3228,한옥독채스테,1
3229,나타내다,1
3230,반백,1
3231,토대,1
3232,친,1
3233,원적외선,1
3234,세라믹,1
3235,원료,1
3236,싸목싸목,1
3237,전주싸목싸,1
3238,학생,1
3239,브릭어라운드,1
3240,요리사,1
3241,정해지다,1
3242,비주얼,1
3243,어라우,1
3244,수수,1
3245,료제,1
3246,제주오름,1
3247,상케,1
3248,제주함덕,1
3249,메이드,1
3250,칠십,1
3251,조식제공숙소문,1
3252,더블베드,1
3253,싱글베드,1
3254,파릇파릇,1
3255,제주서쪽가,1
3256,피아노,1
3257,골드톤,1
3258,화사함,1
3259,양평로,1
3260,양평독채,1
3261,생산,1
3262,있습니,1
3263,미니빔프로젝터,1
3264,휴휴당경,1
3265,독채숙박,1
3266,퀄리티,1
3267,안압지,1
3268,휴휴당,1
3269,경주휴휴,1
3270,호나제,1
3271,발뮤다토스터,1
3272,신풍상동,1
3273,제주호,1
3274,타이드어웨이,1
3275,오션스탠다드,1
3276,오션디럭,1
3277,사이드,1
3278,타이드어웨이위,1
3279,시랑,1
3280,트레,1
3281,타이드어웨이풀,1
3282,소요소림,1
3283,가이드,1
3284,맵다,1
3285,소요소림위,1
3286,무노스테이제,1
3287,한자어,1
3288,애쓰다,1
3289,포옹,1
3290,기력,1
3291,창작자,1
3292,스웨덴,1
3293,라브루켓,1
3294,아이패드,1
3295,드로잉클래스,1
3296,레이아웃,1
3297,플랜트샵,1
3298,얼굴,1
3299,맞대다,1
3300,계기,1
3301,플랫트먼트뒤,1
3302,플랫트먼,1
3303,헤밍웨이,1
3304,제목,1
3305,스미다,1
3306,싱크대,1
3307,접시,1
3308,플랫트먼트,1
3309,서울호캉스,1
3310,열매달열하루,1
3311,열매,1
3312,프라이빗욕조,1
3313,목욕탕,1
3314,풍선,1
3315,피하다,1
3316,독체펜션,1
3317,열매달열,1
3318,포레메르풀빌라,1
3319,차갑다,1
3320,해맞이,1
3321,적외선,1
3322,포레메르풀빌라위,1
3323,포항포레메르풀빌라,1
3324,구룡포풀,1
3325,라탄소품,1
3326,호박,1
3327,영남루,1
3328,성글다,1
3329,감성비앤비이벤트,1
3330,돌아오다,1
3331,팔로워분,1
3332,감천문화마을,1
3333,송도해수욕장,1
3334,자갈치시장,1
3335,깡통,1
3336,마케팅,1
3337,용도,1
3338,비공계계,1
3339,절대,1
3340,차이점,1
3341,쿠,1
3342,리버노스풀빌라,1
3343,경계선,1
3344,동의,1
3345,쉼에,1
3346,아침고요수목원,1
3347,용추계곡,1
3348,리버노스,1
3349,리버노,1
3350,고가구,1
3351,떨이지,1
3352,옥빛,1
3353,보보스캇캠핑장,1
3354,늘어서다,1
3355,타프존,1
3356,족구,1
3357,탁구,1
3358,다용도실,1
3359,방파제,1
3360,번잡,1
3361,더에스제,1
3362,더에스제이풀,1
3363,스테이디,1
3364,이니셜,1
3365,파노라마뷰,1
3366,블록,1
3367,스테이디고,1
3368,고성스테이,1
3369,가진항,1
3370,메종드코트,1
3371,칠하다,1
3372,날아다니다,1
3373,나비,1
3374,폴딩,1
3375,재즈,1
3376,소홀히,1
3377,월화,1
3378,부서지다,1
3379,더욱이,1
3380,율천두모,1
3381,스테이무드인디고,1
3382,짜이다,1
3383,무드인디,1
3384,레지던스,1
3385,네오플,1
3386,북두칠성,1
3387,도서관,1
3388,초량동,1
3389,부산르컬렉티,1
3390,어반스테,1
3391,계승,1
3392,트렌디함,1
3393,세우다,1
3394,배송,1
3395,천북빌리지드넓,1
3396,레이어,1
3397,천북남로,1
3398,유온호수,1
3399,스파실,1
3400,택일,1
3401,천강로,1
3402,힐링스테,1
3403,플라이무드한림,1
3404,더케이즈펜션,1
3405,야간,1
3406,비비엔다,1
3407,비비,1
3408,비비다,1
3409,비비엔,1
3410,스테이서화우도제,1
3411,보여주다,1
3412,물길,1
3413,우도풀,1
3414,코삿알로,1
3415,곽,1
3416,코삿알,1
3417,콧노래,1
3418,코삿허,1
3419,음용,1
3420,암반,1
3421,교체,1
3422,거품,1
3423,드로잉,1
3424,피부,1
3425,순하다,1
3426,하하팜스테이,1
3427,임호,1
3428,예스키즈,1
3429,양양스테,1
3430,새로이,1
3431,진고개로,1
3432,쉐어,1
3433,찻잔,1
3434,진바리,1
3435,터파기,1
3436,기와잇기,1
3437,첨성,1
3438,후원,1
3439,태화산,1
3440,아비,1
3441,아쿠아리움,1
3442,페르시아만,1
3443,랜드마크,1
3444,셔틀버스,1
3445,팜주메리,1
3446,랍에미리트여,1
3447,바람의,1
3448,쇠내골,1
3449,그레이어스풀,1
3450,트레일러,1
3451,스파시설,1
3452,미술관,1
3453,불안,1
3454,네이처트,1
3455,레일,1
3456,오솔길,1
3457,네이처트레,1
3458,홍수아,1
3459,정크,1
3460,딸리다,1
3461,빌라스,1
3462,타워,1
3463,아식스,1
3464,버스킹,1
3465,반상,1
3466,오아식스선셋스,1
3467,오션뷰스,1
3468,아궁이,1
3469,지피다,1
3470,아이거,1
3471,돌로미티,1
3472,묘향민,1
3473,매화골먹점,1
3474,북적이다,1
3475,특색,1
3476,힙플레이스,1
3477,서울에어비,1
3478,스테이션,1
3479,백방,1
3480,엑스포,1
3481,앞바다,1
3482,주방장,1
3483,아쿠아플라넷,1
3484,루프탑수영,1
3485,망양정,1
3486,한옥마을뷰,1
3487,라한,1
3488,흐드러지다,1
3489,봄꽃,1
3490,오묘,1
3491,먹태,1
3492,선보이다,1
3493,북스토,1
3494,주제,1
3495,큐레이션,1
3496,문구,1
3497,어린아이,1
3498,유아풀,1
3499,한옥뷰스테이,1
3500,기린대로,1
3501,확산,1
3502,추후,1
3503,한옥뷰스테,1
3504,방형,1
3505,실현,1
3506,목장,1
3507,플래터,1
3508,죽엽산,1
3509,주가흘,1
3510,항시,1
3511,소아,1
3512,모음집,1
3513,은하수뷰,1
3514,슈퍼,1
3515,유노골,1
3516,파로호,1
3517,빈자리,1
3518,차박지,1
3519,국사봉,1
3520,하란,1
3521,압록유원비오토캠핑,1
3522,안반데기,1
3523,안반,1
3524,임랑,1
3525,어머님,1
3526,작업,1
3527,손수,1
3528,더하다,1
3529,곰티,1
3530,엮다,1
3531,조향사,1
3532,감기다,1
3533,젊다,1
3534,목수,1
3535,금속,1
3536,장인,1
3537,짧다,1
3538,써보,1
3539,동삼동,1
3540,변신,1
3541,마법,1
3542,야외바비큐장,1
3543,실내바비큐,1
3544,즙,1
3545,홍질목,1
3546,하계에,1
3547,이즈,1
3548,독채숙,1
3549,걸어가다,1
3550,스테이폴리,1
3551,환,1
3552,라모타풀,1
3553,유무,1
3554,초점,1
3555,청수리숙소,1
3556,국경,1
3557,메리어트폴스뷰호텔앤스,1
3558,폴스뷰,1
3559,클리프턴힐,1
3560,쇼핑,1
3561,온타리오,1
3562,메리어트,1
3563,폴스,1
3564,폭포뷰,1
3565,토론토,1
3566,북미,1
3567,메리어트폴스뷰앤스,1
3568,애완견,1
3569,계룡산,1
3570,클레리아풀,1
3571,애월항,1
3572,섞다,1
3573,빼어나다,1
3574,암벽뷰,1
3575,리버,1
3576,리버트,1
3577,한국식,1
3578,동성로,1
3579,각층,1
3580,북적거리다,1
3581,개구리,1
3582,양주독채,1
3583,노르딕,1
3584,인승,1
3585,담양글램,1
3586,전남글램,1
3587,어둑,1
3588,냉난방,1
3589,이야기꽃,1
3590,서울역,1
3591,피트니트,1
3592,대전글램,1
3593,후포항,1
3594,불꽃놀이,1
3595,풀숲,1
3596,입체,1
3597,독채객실,1
3598,공연,1
3599,행사장,1
3600,유알풀빌라,1
3601,갈매기,1
3602,도시뷰,1
3603,파티오세븐,1
3604,논현,1
3605,납음,1
3606,무심,1
3607,전시회장,1
3608,동양화,1
3609,어뮤징스토,1
3610,형제도,1
3611,웃동섬,1
3612,도산일주,1
3613,선생,1
3614,성장,1
3615,자손,1
3616,퇴마루,1
3617,고택스테,1
3618,마사지,1
3619,남티,1
3620,영흥대교,1
3621,키즈풀,1
3622,영흥도독채,1
3623,럭셔리풀빌라룸,1
3624,스파테라스,1
3625,강조,1
3626,복층구,1
3627,프라이빗룸,1
3628,소비자,1
3629,성격,1
3630,남도,1
3631,럭셔리풀빌라,1
3632,합천독채,1
3633,발음,1
3634,제주에어비,1
3635,주메이라비타벨,1
3636,주메리아비타벨,1
3637,말레,1
3638,선셋비치,1
3639,피싱,1
3640,분명,1
3641,남말레,1
3642,환초,1
3643,주메이,1
3644,서양화가,1
3645,영희,1
3646,담아,1
3647,슬로우스테,1
3648,창틀,1
3649,손상,1
3650,보리,1
3651,숲캉스,1
3652,액,1
3653,알파카,1
3654,한서,1
3655,나인,1
3656,더스테이,1
3657,세비야,1
3658,배드민턴,1
3659,군업안말,1
3660,베이직,1
3661,비수,1
3662,미스트,1
3663,염려,1
3664,길고양이,1
3665,가끔,1
3666,이호일동숙소,1
3667,현사,1
3668,노천스파,1
3669,도롱골,1
3670,진공관,1
3671,라디오,1
3672,교동광,1
3673,장로,1
3674,갑갑,1
3675,파티동,1
3676,가금구라,1
3677,하다책숙소,1
3678,서광사수동,1
3679,제주북스테,1
3680,밀레니엄,1
3681,문화재,1
3682,캠핑하다,1
3683,스웨덴어,1
3684,캄,1
3685,슬다,1
3686,백패,1
3687,와로롯,1
3688,마켓,1
3689,향신료,1
3690,소금,1
3691,캄스,1
3692,카빙,1
3693,공방,1
3694,백운산,1
3695,원주글램,1
3696,금능바다,1
3697,애슬,1
3698,사철,1
3699,산장,1
3700,도미토리,1
3701,로빙화,1
3702,남태해안,1
3703,처남,1
3704,건설,1
3705,회사,1
3706,매형,1
3707,우주선,1
3708,야영,1
3709,내주다,1
3710,하숙집,1
3711,춘,1
3712,도미토,1
3713,갈비,1
3714,곡선,1
3715,반원,1
3716,삼달하동,1
3717,견과,1
3718,견주다,1
3719,미끄러지다,1
3720,희귀고래,1
3721,벨루가,1
3722,오창저수지,1
3723,한꺼번에,1
3724,오창숙소,1
3725,벨루,1
3726,청원구,1
3727,창독채,1
3728,코타츠,1
3729,함꼐,1
3730,스테이호,1
3731,의심,1
3732,호로,1
3733,양면,1
3734,짚다,1
3735,하이킹,1
3736,평일네이버예약기,1
3737,근,1
3738,현대사,1
3739,퇴실,1
3740,정신없이,1
3741,끌어내다,1
3742,서학,1
3743,플랫폼,1
3744,주자,1
3745,신규,1
3746,도심뷰,1
3747,강변뷰,1
3748,북유럽,1
3749,아우르다,1
3750,자세히,1
3751,살펴보다,1
3752,야놀자혜택,1
3753,춘식이,1
3754,갈이,1
3755,나이트,1
3756,산록남로,1
3757,디럭,1
3758,양쪽,1
3759,시골마을뷰,1
3760,행로,1
3761,산채,1
3762,풀어내다,1
3763,무월,1
3764,한동로,1
3765,스포츠,1
3766,지겹다,1
3767,등산로,1
3768,야외데크,1
3769,횡성숙소,1
3770,경강,1
3771,로마,1
3772,암,1
3773,울루,1
3774,반짝반짝,1
3775,수없이,1
3776,워낙,1
3777,버기,1
3778,설명,1
3779,한들거리다,1
3780,갈대,1
3781,소록소,1
3782,슬멍슬멍,1
3783,소록소록,1
3784,논밭뷰,1
3785,걸맞다,1
3786,호텔지,1
3787,아늑함,1
3788,막연,1
3789,생화,1
3790,대청호숙소,1
3791,자갈밭,1
3792,갯바위,1
3793,상담소,1
3794,글귀,1
3795,임진강,1
3796,밤나무,1
3797,이어받다,1
3798,유니크함,1
3799,아트스테,1
3800,담요,1
3801,다투다,1
3802,독채민박,1
3803,둥실둥,1
3804,뚤려,1
3805,숨결,1
3806,실제로,1
3807,상층,1
3808,에펠뷰,1
3809,입지,1
3810,웬만,1
3811,에펠탑뷰,1
3812,장면즘,1
3813,삼봉로,1
3814,오션스,1
3815,히든포레스트포항,1
3816,얼리버,1
3817,슬로우오션풀,1
3818,히든포레스트독채,1
3819,개장,1
3820,김지석,1
3821,정소민,1
3822,주연,1
3823,월간,1
3824,마치블루풀빌라,1
3825,곤륜,1
3826,이가리닻,1
3827,월간지,1
3828,워크,1
3829,무덥다,1
3830,여수블루망고풀,1
3831,극장,1
3832,녹,1
3833,라라랜드,1
3834,찰랑찰,1
3835,슈가브리움만,1
3836,그네샷,1
3837,투어,1
3838,유선,1
3839,하씨,1
3840,하씨네,1
3841,화양로,1
3842,휴식기,1
3843,조식조차,1
3844,병고,1
3845,하동컨싱턴,1
3846,그린뷰,1
3847,공간이에요켄싱,1
3848,원픽,1
3849,스파였어요차,1
3850,토리코티지하시시,1
3851,한라산뷰,1
3852,분홍,1
3853,빨강,1
3854,스테이비,1
3855,올더버,1
3856,환타,1
3857,프리이빗,1
3858,코지,1
3859,현지,1
3860,머큐어앰버서더제,1
3861,한창,1
3862,중반,1
3863,테디벨,1
3864,리뉴,1
3865,얼,1
3866,쵸이스,1
3867,웬걸,1
3868,미온,1
3869,물개,1
3870,놀다왔슴,1
3871,가성비,1
3872,골프,1
3873,디럭스룸,1
3874,엑세스룸,1
3875,썰다,1
3876,풀사이드바,1
3877,아코르,1
3878,모스트글램,1
3879,문경대로,1
3880,천막,1
3881,월산산,1
3882,월악산유스,1
3883,울,1
3884,발리갬,1
3885,해양,1
3886,버디,1
3887,거제북,1
3888,찝찝,1
3889,벨버디,1
3890,측,1
3891,마스크,1
3892,빼다,1
3893,어푸어,1
3894,까다,1
3895,끔,1
3896,고프다,1
3897,귀염뽀짝,1
3898,다녀왔지요여유,1
3899,정원뷰,1
3900,새안헌,1
3901,푸룻푸룻,1
3902,눈치,1
3903,드럼,1
3904,세척기,1
3905,전기밥솥,1
3906,일리머,1
3907,터지다,1
3908,보문로,1
3909,라한셀렉,1
3910,까사벽락,1
3911,서안,1
3912,조선,1
3913,씨마크,1
3914,프라이핏,1
3915,안녕김녕,1
3916,척포,1
3917,마리나베이샌,1
3918,숙소에요해외,1
3919,부대시설까지호캉,1
3920,더비경풀,1
3921,비경,1
3922,더리바에스풀,1
3923,후반,1
3924,아난티코,1
3925,기장해안로,1
3926,힐튼,1
3927,즐긱,1
3928,하조대해,1
3929,몰리다,1
3930,샴페인,1
3931,디제이,1
3932,해외갬,1
3933,저격,1
3934,취향저격,1
3935,살림,1
3936,폴앤,1
3937,수성구,1
3938,알파,1
3939,시티,1
3940,디세븐,1
3941,세상,1
3942,아시죵,1
3943,증말,1
3944,똥,1
3945,잘못,1
3946,하벳풀빌라,1
3947,알함브,1
3948,코앞,1
3949,프라빗,1
3950,체크인하자,1
3951,지르다,1
3952,질렀어체크인,1
3953,도와주다,1
3954,성공,1
3955,갔다오다,1
3956,무적,1
3957,첨벙첨벙,1
3958,그나저나,1
3959,소세지,1
3960,허벅지,1
3961,눈감다,1
3962,붓,1
3963,비바체,1
3964,홈준,1
3965,하동호,1
3966,풀이,1
3967,애월바다,1
3968,호메제,1
3969,심상,1
3970,숙소라네,1
3971,호킹,1
3972,비커밍풀빌라,1
3973,숙소에요노을,1
3974,미온수,1
3975,리카르,1
3976,레고레,1
3977,부영호텔앤,1
3978,리조,1
3979,파크로쉬리조트앤웰니,1
3980,인하,1
3981,불멍때리,1
3982,웰니,1
3983,프로그램,1
3984,태국,1
3985,코사무이,1
3986,소가왓,1
3987,독채풀빌라에,1
3988,한리,1
3989,멋진뷰,1
3990,럭셔리,1
3991,보일,1
3992,주석,1
3993,앞쪽,1
3994,야외족욕,1
3995,낙조,1
3996,묵직,1
3997,활기,1
3998,몬드리안,1
3999,변동,1
4000,페이지,1
4001,아케이드,1
4002,아크앤,1
4003,띵,1
4004,굴,1
4005,아톤,1
4006,예감,1
4007,팍팍,1
4008,끼,1
4009,진도쏠,1
4010,쏠비치,1
4011,파크하얏트,1
4012,테헤란로,1
4013,최저,1
4014,뉴욕,1
4015,레드,1
4016,헤리티,1
4017,프런트,1
4018,프레스티지,1
4019,윗,1
4020,하이드어웨,1
4021,하이드어웨이,1
4022,막히다,1
4023,좀더프라이빗,1
4024,캐노피,1
4025,스위밍,1
4026,동동스테,1
4027,어둑어둑,1
4028,펫,1
4029,차박느낌,1
4030,스텔스,1
4031,차크닉,1
4032,감성차크닉,1
4033,트렁크,1
4034,오손,1
4035,떠들다,1
4036,쉬,1
4037,차크,1
4038,경포,1
4039,도킹,1
4040,노시,1
4041,온열매트,1
4042,서늘,1
4043,불가해,1
4044,기침,1
4045,일부분,1
4046,설산,1
4047,무르익다,1
4048,독채룸,1
4049,도래,1
4050,자체가고택,1
4051,동력,1
4052,배롱,1
4053,수크렁,1
4054,코키아,1
4055,사근진엔,1
4056,번방,1
4057,경포대,1
4058,취학,1
4059,제주근교가,1
4060,메타쉐콰이,1
4061,컷,1
4062,수목원,1
4063,캠핑장으로푸릇푸릇,1
4064,어쩜,1
4065,강자,1
4066,메우다,1
4067,금연,1
4068,제재,1
4069,양양서피,1
4070,심하다,1
4071,취,1
4072,양양독채,1
4073,캠,1
4074,장님,1
4075,포천글램,1
4076,목가블루목조,1
4077,다가도원프라이빗,1
4078,요나루키,1
4079,씨에스호텔시크릿,1
4080,얼다,1
4081,켄싱턴리조트녹차,1
4082,태안사목,1
4083,조개,1
4084,잡기,1
4085,애어비앤,1
4086,안노이에옛,1
4087,플랜테리,1
4088,오형제풀,1
4089,양양물치,1
4090,피드,1
4091,고퀄리,1
4092,선셋,1
4093,소월숲스테이프라이빗,1
4094,톰,1
4095,모험,1
4096,재질,1
4097,옥희,1
4098,덕후,1
4099,분명히,1
4100,어려움,1
4101,원준,1
4102,위험,1
4103,다도실,1
4104,있어요크로플,1
4105,킬링,1
4106,개별바베큐뷰,1
4107,선대,1
4108,메종드유,1
4109,돌곶이,1
4110,출판,1
4111,정류장,1
4112,풀빌라동,1
4113,파주핫,1
4114,파주독채,1
4115,외롭다,1
4116,벽돌집,1
4117,핸드폰,1
4118,전주역,1
4119,데리다,1
4120,똑같다,1
4121,뚜벅이,1
4122,다가도원야외,1
4123,소못소랑,1
4124,라궁,1
4125,스파까지프라이빗하,1
4126,지례예술촌,1
4127,부룡수,1
4128,험하다,1
4129,나머지,1
4130,옮겨놓은,1
4131,깎아지르다,1
4132,차인표,1
4133,신애라,1
4134,유명인,1
4135,쏠쏠,1
4136,국립공원,1
4137,위치임,1
4138,함입퇴,1
4139,속초독채,1
4140,콜라보레,1
4141,묘하다,1
4142,운영중입퇴,1
4143,제주풀,1
4144,각지,1
4145,곳오션뷰,1
4146,네이쳐풀,1
4147,히노끼족욕,1
4148,삼호로,1
4149,리을,1
4150,선배,1
4151,프리덤,1
4152,프래밀리,1
4153,플로팅와인세트,1
4154,버거,1
4155,점심,1
4156,풀밭,1
4157,구태,1
4158,논뷰,1
4159,앵강다,1
4160,참방참,1
4161,뜨끈,1
4162,태긔,1
4163,석쇠,1
4164,목장갑,1
4165,부탄,1
4166,영롱,1
4167,태긔태,1
4168,이윤,1
4169,개화기,1
4170,션샤,1
4171,양과자,1
4172,뉴트,1
4173,다다미방,1
4174,떠나보쟈,1
4175,계백로,1
4176,자라나다,1
4177,수확,1
4178,봉화로,1
4179,달구벌,1
4180,애플,1
4181,가치가쟈,1
4182,경지,1
4183,태그태,1
4184,훤하다,1
4185,느와,1
4186,느와블,1
4187,영진바다,1
4188,테라스뷰,1
4189,완,1
4190,예뻐,1
4191,폴라로이드,1
4192,등노멤버만,1
4193,노멤버,1
4194,악,1
4195,카페갬성,1
4196,홀통,1
4197,어울,1
4198,바비큐파티,1
4199,어울당주,1
4200,기어,1
4201,연남,1
4202,연트럴,1
4203,에멜랄,1
4204,아티스트,1
4205,갬성충,1
4206,보아비양,1
4207,펄,1
4208,성분,1
4209,갬성숙소,1
4210,그루브스테이주,1
4211,끝내주다,1
4212,치암,1
4213,치암고택,1
4214,덤,1
4215,치암고택주,1
4216,퇴계로,1
4217,치암고,1
4218,안동치암고,1
4219,갈대밭,1
4220,즐기쟈,1
4221,오조오억,1
4222,청포대,1
4223,해외너,1
4224,궁전,1
4225,부띠,1
4226,하벳풀,1
4227,풀빌라라규,1
4228,풀캉,1
4229,페나테스,1
4230,효돈,1
4231,순환로,1
4232,인피니,1
4233,웨이포인트풀,1
4234,늬,1
4235,동행,1
4236,북촌북,1
4237,게시글좋아,1
4238,비토섬글램,1
4239,상추,1
4240,고추,1
4241,겟,1
4242,백숙,1
4243,밑반찬,1
4244,가보자규,1
4245,굴앞,1
4246,게시글좋,1
4247,냉,1
4248,백만,1
4249,귀요,1
4250,반입,1
4251,프라이빗카라,1
4252,포천카라,1
4253,포천어거스트캠핑,1
4254,씨릉,1
4255,스테이월라,1
4256,쟈쿠지,1
4257,꽃밭,1
4258,클라쓰,1
4259,신상호,1
4260,깰끔,1
4261,호텔콕,1
4262,럭셔리셔리,1
4263,스위트타워,1
4264,이터널저니,1
4265,곳이쟈,1
4266,가쟈,1
4267,시골램,1
4268,풀빌라랍니돠,1
4269,대학로,1
4270,율곡로,1
4271,시티뷰,1
4272,노노,1
4273,시골갬성숙소랍니돠,1
4274,더하늘보기,1
4275,예뿌,1
4276,가능하다규,1
4277,칭긔,1
4278,랄라네,1
4279,속초오션뷰,1
4280,월풀스파,1
4281,숴,1
4282,트로이스펜션,1
4283,고성오션뷰,1
4284,갬성카라반,1
4285,제주카라,1
4286,온수풀장도있다규,1
4287,모이핀,1
4288,이뿌게,1
4289,계동로,1
4290,일시,1
4291,월요일,1
4292,인스타댓글,1
4293,가쟛,1
4294,뷰먼,1
4295,뷰먼드풀,1
4296,금련산,1
4297,아메리칸,1
4298,뽐내다,1
4299,수영로,1
4300,맛집이라규,1
4301,플로팅조식,1
4302,즐겨보쟈,1
4303,폭주,1
4304,얼릉,1
4305,유목민,1
4306,랏,1
4307,포하하하항,1
4308,웃다,1
4309,사계절뷰,1
4310,풀빌라입니돠,1
4311,특급,1
4312,버블스파,1
4313,풀빌라임돠,1
4314,심각,1
4315,태긔긔,1
4316,그랑스윙,1
4317,드레스,1
4318,겸하다,1
4319,찐,1
4320,피플,1
4321,오션브릿지뷰,1
4322,오션브릿지,1
4323,펄풱,1
4324,손님,1
4325,진두,1
4326,콤비네이션,1
4327,정화,1
4328,스파하,1
4329,제주돌문어죽,1
4330,딱새,1
4331,헤다,1
4332,꼬우꼬,1
4333,스퀘어베,1
4334,키즈풀장,1
4335,가족호캉,1
4336,먹부림하기,1
4337,휘날리다,1
4338,흩날리다,1
4339,꽃놀이,1
4340,매너타임,1
4341,센,1
4342,갓,1
4343,삼국유사,1
4344,화산산성,1
4345,군위핫,1
4346,끝장나다,1
4347,최명희,1
4348,갬성캠핑,1
4349,갬성글귀,1
4350,쥐,1
4351,병리,1
4352,구룡포카라,1
4353,하쟈,1
4354,빠르다,1
4355,쑤다,1
4356,노려보쟈,1
4357,카풰,1
4358,찍고오쟈,1
4359,전주별관독,1
4360,완죤완,1
4361,무조건,1
4362,경쟁,1
4363,예약하쟈,1
4364,센과치히로,1
4365,행방불명,1
4366,일본갬,1
4367,유카타,1
4368,갬성충만해,1
4369,독배,1
4370,해변뷰,1
4371,온실속베니,1
4372,느끼쟈,1
4373,쩔다,1
4374,온실속베,1
4375,베,1
4376,부과,1
4377,광안동,1
4378,등록,1
4379,빵순이,1
4380,빵지,1
4381,순례,1
4382,쫀득,1
4383,쳐,1
4384,밤팥크럼블,1
4385,햄,1
4386,롯데백화점,1
4387,팝업스토어,1
4388,서전로,1
4389,재료소소,1
4390,조기,1
4391,휴무,1
4392,택배,1
4393,빵지순례,1
4394,반디앤블,1
4395,대덕한실,1
4396,테마파크,1
4397,대관람차뷰,1
4398,여념,1
4399,인천호캉,1
4400,월미테마,1
4401,양양오션뷰,1
4402,자연주의,1
4403,박스,1
4404,푸짐,1
4405,규봉,1
4406,뒤쪽,1
4407,제주도핫,1
4408,응정,1
4409,독채한옥스테,1
4410,루이보스,1
4411,베이글,1
4412,호박죽,1
4413,맛나다,1
4414,연서로,1
4415,북한산뷰,1
4416,벗,1
4417,호곡도깨비,1
4418,이후북스테,1
4419,비중,1
4420,식생,1
4421,스파존,1
4422,인피니티스파존,1
4423,깎다,1
4424,파내다,1
4425,웨이팅,1
4426,뜨끈뜨끈,1
4427,프라이빗스,1
4428,제천리솜포레스,1
4429,헤브나인스,1
4430,스테이무,1
4431,널찍,1
4432,보문단지,1
4433,문화유산,1
4434,유적지,1
4435,층수,1
4436,더케이호텔,1
4437,경주호캉,1
4438,뉠스테,1
4439,뉠스테이체크,1
4440,서울한옥스테,1
4441,푹,1
4442,썸,1
4443,서우,1
4444,조함해안,1
4445,오담,1
4446,뷰보,1
4447,파고라에,1
4448,에코,1
4449,켄싱턴리조트,1
4450,탁트인,1
4451,애월편,1
4452,제주도포토,1
4453,비고,1
4454,여수풀빌라,1
4455,고요한오후,1
4456,콩밭,1
4457,남한,1
4458,숲캉,1
4459,최부,1
4460,남간,1
4461,경덕,1
4462,더나인,1
4463,충효서악,1
4464,느린,1
4465,하슬라스테,1
4466,걸터앉다,1
4467,소소정,1
4468,유명세,1
4469,탔으며계절,1
4470,신설동,1
4471,통채,1
4472,두드리다,1
4473,마루까지힐링하기,1
4474,동대문구,1
4475,왕산로,1
4476,유포리나의집,1
4477,감성숙소로리틀포레스트,1
4478,넓고특,1
4479,따로없고포토스팟,1
4480,맥,1
4481,카카오,1
4482,채널,1
4483,올모스트홈스테이내집,1
4484,머무름,1
4485,지역민,1
4486,목표,1
4487,풍광,1
4488,변주,1
4489,모아지며쉼,1
4490,모스트,1
4491,최참판,1
4492,독채연하,1
4493,화람,1
4494,회경재,1
4495,취약점,1
4496,단열,1
4497,극복,1
4498,귀뚜라미,1
4499,새기다,1
4500,갖가지북스테이책,1
4501,북캉스,1
4502,다운,1
4503,뷰와,1
4504,트윈베드룸이고,1
4505,아메리,1
4506,슬립,1
4507,복층형,1
4508,룸이며,1
4509,아메리슬립,1
4510,수준,1
4511,자녀,1
4512,연박시에,1
4513,깨지다,1
4514,많아노,1
4515,노펫,1
4516,타운,1
4517,스탠드,1
4518,스팀,1
4519,청소기,1
4520,미스티크일몰,1
4521,반전,1
4522,성벽,1
4523,깃발,1
4524,형상,1
4525,미스티크,1
4526,출렁,1
4527,수산과학관,1
4528,욕지도,1
4529,박경리,1
4530,기념관,1
4531,퀸매트리스,1
4532,열여섯,1
4533,퀸베드,1
4534,책장,1
4535,소망,1
4536,주목,1
4537,패드,1
4538,양옥,1
4539,모양새,1
4540,온목가구,1
4541,상큼,1
4542,흰색,1
4543,감촉,1
4544,좋아서스르,1
4545,서핑보드,1
4546,읽으며느즈막,1
4547,늦다,1
4548,맡기다,1
4549,플로어탑노트,1
4550,전문,1
4551,클리닝,1
4552,업체,1
4553,꼼꼼,1
4554,힘쓰다,1
4555,플로어탑노트는향,1
4556,결정,1
4557,소복,1
4558,누워빔프로젝터,1
4559,동호로,1
4560,재미나다,1
4561,상상력,1
4562,컨텐츠,1
4563,독보,1
4564,그루브스테이,1
4565,빛깔,1
4566,난간,1
4567,받아프라이빗,1
4568,셀로판비서핑스팟,1
4569,윤승아,1
4570,김무열,1
4571,배우님,1
4572,던지다,1
4573,씻다,1
4574,서핑스팟,1
4575,만족도,1
4576,스테이아하프라이빗,1
4577,동선,1
4578,스테이아하,1
4579,앉아힐링,1
4580,후회,1
4581,밥솥,1
4582,와인오프너,1
4583,아른거리다,1
4584,무게,1
4585,벗다,1
4586,한방,1
4587,성분의애머니티,1
4588,테라스마크숙소,1
4589,발자국,1
4590,횟집,1
4591,느끼며힐링,1
4592,놨으며,1
4593,가능하며린넨가운,1
4594,전용이며포토존,1
4595,보리밭뷰,1
4596,유온,1
4597,프라이빗하게힐링,1
4598,얼리체크,1
4599,레이,1
4600,번갈다,1
4601,서유럽,1
4602,오리지널,1
4603,책꽂이,1
4604,서구,1
4605,적당,1
4606,덮고뷰,1
4607,광한루원,1
4608,이루며오롯,1
4609,모포집,1
4610,모포리,1
4611,스킨스쿠버,1
4612,보이는바다뷰,1
4613,감탄사,1
4614,절로,1
4615,독채로프라이빗,1
4616,다용도룸,1
4617,만화책,1
4618,컬러링북빔,1
4619,포항에어비엔,1
4620,점숙씨영월,1
4621,점숙씨,1
4622,출판물,1
4623,도에어비앤,1
4624,요정,1
4625,제주라피아,1
4626,도자기,1
4627,마요르,1
4628,명칭,1
4629,동굴,1
4630,파스텔,1
4631,오픈키친,1
4632,과감,1
4633,유쾌,1
4634,루오스테이,1
4635,청도자쿠,1
4636,문인,1
4637,커피드립백,1
4638,소람다락,1
4639,게스트룸,1
4640,쐬다,1
4641,측면,1
4642,대형스탠도어,1
4643,미드모던센추리풍,1
4644,시크하,1
4645,품질,1
4646,푸드파티,1
4647,모은정,1
4648,청도베지,1
4649,암체어,1
4650,트윈베드,1
4651,밥상,1
4652,셋팅,1
4653,밀양독채,1
4654,듯이,1
4655,정성스,1
4656,ᆫ디,1
4657,주거지,1
4658,니,1
4659,바깥마당,1
4660,한방입욕제,1
4661,북촌한옥,1
4662,한옥독채,1
4663,돌길,1
4664,야외노펀탕,1
4665,일리커피머신,1
4666,다과,1
4667,빗소리,1
4668,반면,1
4669,페이백,1
4670,작성,1
4671,연박시,1
4672,니나,1
4673,공영,1
4674,앤비,1
4675,루프탑룸,1
4676,세모,1
4677,그림자,1
4678,민트,1
4679,런드리,1
4680,빨래,1
4681,자연광,1
4682,전령,1
4683,심신,1
4684,그릴존,1
4685,하늘하늘,1
4686,우드체어,1
4687,화장대,1
4688,빙기,1
4689,실내자쿠지,1
4690,별개,1
4691,쨍쨍,1
4692,독채신상,1
4693,여수자쿠,1
4694,여수독,1
4695,의귀소담제,1
4696,익다,1
4697,주렁주렁,1
4698,자통창,1
4699,온두막,1
4700,베이컨,1
4701,버터,1
4702,시몬,1
4703,라벨,1
4704,어메니티프라이빗,1
4705,힐링하쟈,1
4706,바다제비,1
4707,구옥느낌,1
4708,젠,1
4709,꽃차,1
4710,일리머신,1
4711,바베큐존,1
4712,스피커오롯,1
4713,스튜디오노이제,1
4714,변화무쌍,1
4715,스튜디오노이,1
4716,오그,1
4717,잔물결,1
4718,블루힐풀빌라경주,1
4719,휴게실,1
4720,리뉴얼,1
4721,블루힐풀빌라,1
4722,협찬,1
4723,로고,1
4724,황금색,1
4725,헤어드라,1
4726,바이레,1
4727,우려먹다,1
4728,드리퍼,1
4729,태종대,1
4730,랩,1
4731,비상,1
4732,미료,1
4733,이팝나무,1
4734,투스프링베어제,1
4735,프링베어,1
4736,제주풀빌라,1
4737,투스프링베,1
4738,그랑아치,1
4739,넓찍,1
4740,맥널,1
4741,산수유,1
4742,그랑아치풀,1
4743,어타이니리틀피스,1
4744,어타이니리틀피스위,1
4745,더위,1
4746,푸릇푸릇함,1
4747,독채가족,1
4748,소소하게유유,1
4749,설레다펜션,1
4750,이외,1
4751,오오오하우스,1
4752,억새,1
4753,오오오하우,1
4754,제주오오오,1
4755,에이미,1
4756,횡성사,1
4757,케렌시,1
4758,피난처,1
4759,신사동,1
4760,핸드드립커피,1
4761,본래,1
4762,나즈막하다,1
4763,드러나다,1
4764,제주국제공항,1
4765,벌,1
4766,클랭블루스테이,1
4767,클랭,1
4768,축적,1
4769,다이슨에어랩,1
4770,프라고,1
4771,나르다,1
4772,스테이클랭,1
4773,상대방,1
4774,말소리,1
4775,음반,1
4776,풍성,1
4777,미래,1
4778,발송,1
4779,레시피북,1
4780,손질,1
4781,무공간체크,1
4782,주무,1
4783,뒷테라스,1
4784,전기그릴,1
4785,금촌역,1
4786,수안춘천,1
4787,송당아진제주,1
4788,구름의하루제주,1
4789,당근,1
4790,무용,1
4791,유영,1
4792,육지,1
4793,스테이목,1
4794,세모하우스,1
4795,상형,1
4796,흥미,1
4797,선바위,1
4798,비되어있으,1
4799,오릉도원경,1
4800,실과,1
4801,등불,1
4802,의하다,1
4803,교동도,1
4804,경주오릉도,1
4805,소소한옥경,1
4806,나타나다,1
4807,식빵,1
4808,에어랩,1
4809,찾아가다,1
4810,유기농,1
4811,남해자쿠,1
4812,월령지,1
4813,지난,1
4814,반짝임,1
4815,도모,1
4816,둘러앉다,1
4817,안거,1
4818,대욕장,1
4819,그라스,1
4820,호젓,1
4821,단아,1
4822,아래쪽,1
4823,위치하,1
4824,면사무소,1
4825,더블룸,1
4826,마샬블루투스스피커,1
4827,크로와상,1
4828,건너,1
4829,헤엄치다,1
4830,달력,1
4831,능하다,1
4832,제주우도,1
4833,인더모은,1
4834,독채신,1
4835,도상,1
4836,스타일러,1
4837,계좌,1
4838,이체,1
4839,매미,1
4840,디스커버리풀빌라체크,1
4841,우수상,1
4842,건축사,1
4843,온수자쿠지,1
4844,무주사,1
4845,독채자쿠,1
4846,강풍,1
4847,닫다,1
4848,강점,1
4849,더파티펜션,1
4850,더파티,1
4851,주전부리,1
4852,당구,1
4853,번거롭다,1
4854,산포까사울,1
4855,독채민,1
4856,솥뚜껑,1
4857,불씨,1
4858,군고구마,1
4859,물멍,1
4860,쳐다보다,1
4861,산포까사위,1
4862,해파랑길,1
4863,향초목원,1
4864,산꼭대기,1
4865,월림차경,1
4866,컵라면,1
4867,덥다,1
4868,월림차경위,1
4869,현암리돌담집,1
4870,분이,1
4871,망해,1
4872,둘하루방,1
4873,바베큐세트,1
4874,둘하르,1
4875,엔젤앤가든,1
4876,개별자쿠지,1
4877,부산오션뷰,1
4878,서퍼,1
4879,하염,1
4880,셀렉숍,1
4881,안주,1
4882,카리나,1
4883,사유의숲,1
4884,자태,1
4885,이솝어메니티,1
4886,전달,1
4887,뒷나루,1
4888,비커밍스,1
4889,그랜드스,1
4890,그랜드코너스위츠,1
4891,키즈랜드,1
4892,라운지웨어,1
4893,옷차림,1
4894,네이처풀빌라포항,1
4895,스파빌라객실,1
4896,조금씩,1
4897,달라다,1
4898,네이처풀빌라,1
4899,안목스테이,1
4900,목공,1
4901,대면,1
4902,대체,1
4903,안목스테이위,1
4904,예원북,1
4905,엔소이펜션,1
4906,스파욕조,1
4907,을왕,1
4908,너울민박,1
4909,신상독채,1
4910,로스팅,1
4911,핸드드립,1
4912,너울민박위,1
4913,빌라그레이스경주,1
4914,비눗방울,1
4915,풀빌라내,1
4916,푸켓,1
4917,수질,1
4918,엑티비티,1
4919,빨간색,1
4920,주황색,1
4921,무인,1
4922,가져다주다,1
4923,소소아한옥위,1
4924,제민,1
4925,네버엔딩웨이브,1
4926,스타일리쉬하,1
4927,우측,1
4928,열차,1
4929,정거장,1
4930,포니제주제주,1
4931,포니제,1
4932,홈즈,1
4933,목장스테,1
4934,출연,1
4935,교통,1
4936,산굼부리,1
4937,에코랜드,1
4938,흔,1
4939,말뷰,1
4940,포니제주,1
4941,포니,1
4942,숙조당경주,1
4943,숙조당,1
4944,써니사이드,1
4945,잃다,1
4946,음질,1
4947,필름,1
4948,카메라,1
4949,제니의집밀,1
4950,고향,1
4951,허브차,1
4952,깜빠뉴,1
4953,감자,1
4954,종달동,1
4955,교토스탠다드대,1
4956,도룡동,1
4957,사과나무,1
4958,녹색,1
4959,교토스탠다드,1
4960,유성구,1
4961,도룡동체크,1
4962,방아리코테지용인,1
4963,배치해두,1
4964,인터넷,1
4965,방아리코테지,1
4966,문의숙소문,1
4967,아이디,1
4968,테이,1
4969,라누이전,1
4970,라누,1
4971,라누이블랑,1
4972,라누이,1
4973,고사동체크,1
4974,노르,1
4975,디스크,1
4976,노르디스크,1
4977,태안글램,1
4978,파파홈글램,1
4979,드렌도트제,1
4980,드렌도트,1
4981,합성어,1
4982,주어지다,1
4983,받아들이다,1
4984,유닛,1
4985,카페드,1
4986,카페드렌,1
4987,드렌도트위,1
4988,애월감성,1
4989,웨이트리펜션경주,1
4990,감포해변,1
4991,원형스파,1
4992,웨이트리펜션위,1
4993,남해뷰맛,1
4994,나무뷰,1
4995,덕흥음,1
4996,언제나소돌,1
4997,어나더먼,1
4998,강릉핫플,1
4999,강릉오션뷰,1
5000,낙산비치,1
5001,낙산해수욕장,1
5002,둘리다,1
5003,조식뷔페,1
5004,일찍웨이팅,1
5005,마운,1
5006,틴뷰,1
5007,반달,1
5008,리빙,1
5009,완화,1
5010,혈액,1
5011,순환,1
5012,인스턴트,1
5013,가구점,1
5014,스테이남해,1
5015,께,1
5016,스테이남해체크,1
5017,남해조,1
5018,빌라드남해남해,1
5019,복층히노끼탕객실,1
5020,히노끼탕풀,1
5021,빌라드남해,1
5022,긴장,1
5023,풀어지다,1
5024,누와위,1
5025,눈뜨다,1
5026,카페인,1
5027,잿골,1
5028,헤이메르마린뷰,1
5029,헤이메르오션뷰,1
5030,산내원림,1
5031,흔들,1
5032,산내원림위,1
5033,정적,1
5034,트윈룸,1
5035,체육관,1
5036,서귀포조식,1
5037,제주조식맛,1
5038,호수뷰이,1
5039,오픈배스,1
5040,에너지,1
5041,일락,1
5042,정통,1
5043,최초,1
5044,투숙,1
5045,입욕제제공,1
5046,거제자쿠지,1
5047,정답다,1
5048,우산간동,1
5049,앞뜰,1
5050,가체크,1
5051,아로새기다고흥,1
5052,당곡제,1
5053,황금빛,1
5054,안팎,1
5055,선명,1
5056,옆체크,1
5057,고흥가,1
5058,견디다,1
5059,로컬커피,1
5060,밀트풀빌라포항,1
5061,밀트풀빌라,1
5062,구획,1
5063,채도,1
5064,낮추다,1
5065,메이다,1
5066,메종드민,1
5067,하우스하서,1
5068,높혀줍니,1
5069,컬렉션,1
5070,제일고등학교,1
5071,근방,1
5072,ᆫ대,1
5073,릉,1
5074,갤러리가덕부산,1
5075,바라다보이다,1
5076,적요,1
5077,내려앉다,1
5078,폴개,1
5079,록시,1
5080,거제아날로그스테,1
5081,아날로그스테,1
5082,더로프,1
5083,쇼핑몰,1
5084,동게,1
5085,라온채,1
5086,저물다,1
5087,찜,1
5088,찜질,1
5089,자주,1
5090,라온채위,1
5091,보불로,1
5092,경주라,1
5093,미우,1
5094,싱글,1
5095,우정뿅,1
5096,타닥타,1
5097,가로지르다,1
5098,수안스테이,1
5099,송탄,1
5100,국제,1
5101,탄로,1
5102,아버지,1
5103,연기,1
5104,딸,1
5105,꾸리다,1
5106,파주북스테,1
5107,파주에이비앤,1
5108,전남독채,1
5109,행랑채,1
5110,솔채,1
5111,별똥별,1
5112,험난,1
5113,초보,1
5114,운전자,1
5115,하늘솔농,1
5116,스케이트,1
5117,분리해놔,1
5118,페달,1
5119,지장천,1
5120,드위,1
5121,북항대교,1
5122,떠다니다,1
5123,나무숲,1
5124,언택트,1
5125,부딪히다,1
5126,한로,1
5127,옥탑방,1
5128,패,1
5129,금수산,1
5130,옥순봉,1
5131,제천독채,1
5132,골드,1
5133,사천독채,1
5134,습기,1
5135,별담,1
5136,망운산,1
5137,외곽,1
5138,일요일,1
5139,신원사,1
5140,세종,1
5141,백로,1
5142,영주독채,1
5143,푸릇,1
5144,레터스프롬,1
5145,평인일주,1
5146,꺼,1
5147,브라운스테,1
5148,지명,1
5149,밀양강,1
5150,고구마,1
5151,살랑대,1
5152,절제,1
5153,기품,1
5154,찰나,1
5155,커지다,1
5156,조목,1
5157,주한,1
5158,회색,1
5159,파란색,1
5160,위스키,1
5161,진열대,1
5162,밀다,1
5163,대청호,1
5164,손꼽히다,1
5165,호미로,1
5166,중순,1
5167,스파무료,1
5168,카멜베,1
5169,카멜스테이,1
5170,베이지스테이,1
5171,소기왓,1
5172,카멜스테,1
5173,베이지스테,1
5174,카멜베이지스테,1
5175,삼청로,1
5176,삼청동,1
5177,줄리아,1
5178,지유명차,1
5179,찻집,1
5180,살랑거리다,1
5181,악양서,1
5182,감수,1
5183,흥덕구,1
5184,비우고담,1
5185,그림일기,1
5186,묘,1
5187,어바웃,1
5188,곡성독채,1
5189,아르카북스테,1
5190,영도대교,1
5191,오션룸,1
5192,포차,1
5193,봉래나루,1
5194,테라스룸,1
5195,어두원,1
5196,청매,1
5197,바오마루,1
5198,순백,1
5199,세도나,1
5200,선배드,1
5201,다다미,1
5202,바가,1
5203,프롬말,1
5204,개곡말방,1
5205,헤치다,1
5206,잉어,1
5207,오토바이,1
5208,뱃놀이,1
5209,어은골,1
5210,노아,1
5211,울주풀,1
5212,무룡산,1
5213,발견,1
5214,화봉동숙소,1
5215,키즈펜션,1
5216,손색,1
5217,산내용,1
5218,어우려져,1
5219,찾아오다,1
5220,조수리플,1
5221,구례독채,1
5222,보라카이,1
5223,펜시,1
5224,저지리숙소,1
5225,마시멜로우,1
5226,소등,1
5227,별빛,1
5228,가옹개,1
5229,둘러쌓다,1
5230,투명카누,1
5231,썬배드,1
5232,아른아,1
5233,부산독채,1
5234,순천역,1
5235,전통문화,1
5236,황리단점,1
5237,문밖,1
5238,천마총,1
5239,원시림,1
5240,훼손,1
5241,개발,1
5242,실버,1
5243,미송,1
5244,동백나무,1
5245,동리단길,1
5246,발길,1
5247,루프탑데크,1
5248,이용자,1
5249,자쿠지실,1
5250,넋,1
5251,위크,1
5252,앤드,1
5253,포토스팟,1
5254,실속,1
5255,봄바람,1
5256,캐다,1
5257,묵호등대,1
5258,묵호논골담,1
5259,내게와묵호,1
5260,즈음,1
5261,아무런,1
5262,작정,1
5263,칭하다,1
5264,울리다,1
5265,퍼지다,1
5266,함박눈,1
5267,텅,1
5268,차오르다,1
5269,무던,1
5270,난로,1
5271,방문객,1
5272,원두커피,1
5273,유로,1
5274,수제차,1
5275,급진,1
5276,차밭,1
5277,이익,1
5278,숙박업소,1
5279,요청,1
5280,추위,1
5281,마늘,1
5282,무꽃,1
5283,연인들,1
5284,두툼,1
5285,밀,1
5286,깨우다,1
5287,반복,1
5288,반사,1
5289,셀프조식,1
5290,원화로,1
5291,철새,1
5292,인티니,1
5293,온수탕,1
5294,볼풀,1
5295,양옆,1
5296,키다,1
5297,바꾸다,1
5298,앤티크함,1
5299,산맥,1
5300,대통령상,1
5301,묘미,1
5302,문득,1
5303,생각나다,1
5304,초록초록함,1
5305,결합,1
5306,세세,1
5307,숙박업,1
5308,아예,1
5309,세스코,1
5310,정기,1
5311,방역,1
5312,투자,1
5313,둥글다,1
5314,들려주다,1
5315,굴업솔골,1
5316,비발디,1
5317,홀리가든,1
5318,내년,1
5319,취소건,1
5320,봉화독채,1
5321,더불다,1
5322,가평수상레,1
5323,포켓볼,1
5324,멀티,1
5325,베르소,1
5326,남해그랜드,1
5327,경남독채,1
5328,브로딕,1
5329,스크린골프,1
5330,활,1
5331,전복,1
5332,탁자,1
5333,강선대,1
5334,팔경,1
5335,영동스테이,1
5336,불구,1
5337,하루하루,1
5338,어쩌다어,1
5339,일출로,1
5340,두채,1
5341,룰,1
5342,피그멜리온이펙,1
5343,다우,1
5344,화덕,1
5345,만치,1
5346,지례예술촌비내리,1
5347,임하호,1
5348,번방이에요,1
5349,픽,1
5350,정신,1
5351,휴양,1
5352,옥리단,1
5353,꺄,1
5354,여행다녀왔찌,1
5355,린스,1
5356,바디워,1
5357,핸드워,1
5358,젤리,1
5359,렛스테,1
5360,낙낙,1
5361,야외자쿠지,1
5362,카플친,1
5363,고비고개,1
5364,채팅,1
5365,의류,1
5366,승무원,1
5367,당연,1
5368,나열,1
5369,모기향,1
5370,메,1
5371,마르지,1
5372,뺨,1
5373,베큐장,1
5374,너무너무,1
5375,결론,1
5376,후다,1
5377,언주로,1
5378,도넛,1
5379,티빙,1
5380,야드,1
5381,전반,1
5382,계열,1
5383,들었구요자쿠지,1
5384,프리이,1
5385,특실,1
5386,변덕,1
5387,쨍,1
5388,오징어,1
5389,잡이,1
5390,올망졸망,1
5391,투박,1
5392,라테라스,1
5393,달려오다,1
5394,광평로,1
5395,빌,1
5396,무야홋,1
5397,반응,1
5398,스타빌,1
5399,인공,1
5400,물색,1
5401,뜨뜻,1
5402,간격,1
5403,퀄리,1
5404,게르느낌,1
5405,향수,1
5406,카트,1
5407,라벤터,1
5408,빈백,1
5409,망원경,1
5410,별자리,1
5411,건식사우나,1
5412,트로피컬하이드어웨,1
5413,최소,1
5414,스위티안,1
5415,리버사이드,1
5416,기반,1
5417,에어비얀,1
5418,베스트,1
5419,야외욕조,1
5420,선셋브리즈,1
5421,화창,1
5422,나주경치,1
5423,무무펜션,1
5424,감성글램,1
5425,글램비글램,1
5426,부스,1
5427,바베큐무한리,1
5428,수건,1
5429,클렌징,1
5430,부도,1
5431,제부도독채,1
5432,롱비치,1
5433,그래퍼,1
5434,화이트앤우드,1
5435,다그다,1
5436,실내욕조와실외,1
5437,선녀탕,1
5438,다가도원,1
5439,드립커피가준비되,1
5440,시외버스,1
5441,금성로,1
5442,보성핫,1
5443,선착장,1
5444,나라,1
5445,이윤기,1
5446,임실핫,1
5447,임실글램,1
5448,한담,1
5449,플로팅트레이,1
5450,확률,1
5451,훌륭,1
5452,애월더선셋,1
5453,애월더,1
5454,투명카,1
5455,믿기다,1
5456,카누,1
5457,외지다,1
5458,하이원,1
5459,컨벤션,1
5460,찍어보쟈,1
5461,통의,1
5462,가정집,1
5463,갬성,1
5464,아무렇다,1
5465,인생사,1
5466,홈캉스,1
5467,청죽,1
5468,청계호수뷰,1
5469,베개,1
5470,라텍스,1
5471,모션베드까즤,1
5472,너뮤,1
5473,케이,1
5474,포천뷰맛,1
5475,감성숙소랍니돠,1
5476,미니멀리즘,1
5477,애월솔,1
5478,독채숙소랍니돠,1
5479,시골뷰,1
5480,갬성뿜,1
5481,엔티쿠,1
5482,엔티크,1
5483,곳이라규,1
5484,웨딩촬영지,1
5485,창문뷰,1
5486,햐,1
5487,알람,1
5488,오깅,1
5489,제발,1
5490,가죠,1
5491,고풍스,1
5492,미칀,1
5493,한옥정원뷰,1
5494,이중섭,1
5495,천지연폭포,1
5496,퍼풱트,1
